$MeshFormat
4.1 0 8
$EndMeshFormat
$PhysicalNames
3
2 2 "DIRICHLET_X0"
2 3 "NEUMANN_Z0"
3 400 "VOLUME"
$EndPhysicalNames
$Entities
8 12 6 1
1 0 0 1 0 
2 0 0 0 0 
3 0 1 1 0 
4 0 1 0 0 
5 10 0 1 0 
6 10 0 0 0 
7 10 1 1 0 
8 10 1 0 0 
1 -1e-07 -1e-07 -9.999999994736442e-08 1e-07 1e-07 1.0000001 0 2 2 -1 
2 -1e-07 -9.999999994736442e-08 0.9999999000000001 1e-07 1.0000001 1.0000001 0 2 1 -3 
3 -1e-07 0.9999999000000001 -9.999999994736442e-08 1e-07 1.0000001 1.0000001 0 2 4 -3 
4 -1e-07 -9.999999994736442e-08 -1e-07 1e-07 1.0000001 1e-07 0 2 2 -4 
5 9.999999900000001 -1e-07 -9.999999994736442e-08 10.0000001 1e-07 1.0000001 0 2 6 -5 
6 9.999999900000001 -9.999999994736442e-08 0.9999999000000001 10.0000001 1.0000001 1.0000001 0 2 5 -7 
7 9.999999900000001 0.9999999000000001 -9.999999994736442e-08 10.0000001 1.0000001 1.0000001 0 2 8 -7 
8 9.999999900000001 -9.999999994736442e-08 -1e-07 10.0000001 1.0000001 1e-07 0 2 6 -8 
9 -1.000000002804313e-07 -1e-07 -1e-07 10.0000001 1e-07 1e-07 0 2 2 -6 
10 -1.000000002804313e-07 -1e-07 0.9999999000000001 10.0000001 1e-07 1.0000001 0 2 1 -5 
11 -1.000000002804313e-07 0.9999999000000001 -1e-07 10.0000001 1.0000001 1e-07 0 2 4 -8 
12 -1.000000002804313e-07 0.9999999000000001 0.9999999000000001 10.0000001 1.0000001 1.0000001 0 2 3 -7 
1 -1e-07 -9.999999994736442e-08 -9.999999994736442e-08 1e-07 1.0000001 1.0000001 1 2 4 -1 4 3 -2 
2 9.999999900000001 -9.999999994736442e-08 -9.999999994736442e-08 10.0000001 1.0000001 1.0000001 0 4 -5 8 7 -6 
3 -1.000000002804313e-07 -1e-07 -9.999999994736442e-08 10.0000001 1e-07 1.0000001 0 4 -9 1 10 -5 
4 -1.000000002804313e-07 0.9999999000000001 -9.999999994736442e-08 10.0000001 1.0000001 1.0000001 0 4 -11 3 12 -7 
5 -1.000000002804313e-07 -9.999999994736442e-08 -1e-07 10.0000001 1.0000001 1e-07 1 3 4 -4 9 8 -11 
6 -1.000000002804313e-07 -9.999999994736442e-08 0.9999999000000001 10.0000001 1.0000001 1.0000001 0 4 -2 10 6 -12 
1 -1.000000002804313e-07 -9.999999994736442e-08 -9.999999994736442e-08 10.0000001 1.0000001 1.0000001 1 400 6 -1 2 -3 4 -5 6 
$EndEntities
$Nodes
27 1734 1 1734
0 1 0 1
1
0 0 1
0 2 0 1
2
0 0 0
0 3 0 1
3
0 1 1
0 4 0 1
4
0 1 0
0 5 0 1
5
10 0 1
0 6 0 1
6
10 0 0
0 7 0 1
7
10 1 1
0 8 0 1
8
10 1 0
1 1 0 4
9
10
11
12
0 0 0.2
0 0 0.4
0 0 0.6
0 0 0.8
1 2 0 4
13
14
15
16
0 0.2 1
0 0.4 1
0 0.6 1
0 0.8 1
1 3 0 4
17
18
19
20
0 1 0.2
0 1 0.4
0 1 0.6
0 1 0.8
1 4 0 4
21
22
23
24
0 0.2 0
0 0.4 0
0 0.6 0
0 0.8 0
1 5 0 4
25
26
27
28
10 0 0.2
10 0 0.4
10 0 0.6
10 0 0.8
1 6 0 4
29
30
31
32
10 0.2 1
10 0.4 1
10 0.6 1
10 0.8 1
1 7 0 4
33
34
35
36
10 1 0.2
10 1 0.4
10 1 0.6
10 1 0.8
1 8 0 4
37
38
39
40
10 0.2 0
10 0.4 0
10 0.6 0
10 0.8 0
1 9 0 49
41
42
43
44
45
46
47
48
49
50
51
52
53
54
55
56
57
58
59
60
61
62
63
64
65
66
67
68
69
70
71
72
73
74
75
76
77
78
79
80
81
82
83
84
85
86
87
88
89
0.2 0 0
0.4 0 0
0.6 0 0
0.8 0 0
1 0 0
1.2 0 0
1.4 0 0
1.6 0 0
1.8 0 0
2 0 0
2.2 0 0
2.4 0 0
2.6 0 0
2.8 0 0
3 0 0
3.2 0 0
3.4 0 0
3.6 0 0
3.8 0 0
4 0 0
4.2 0 0
4.4 0 0
4.6 0 0
4.8 0 0
5 0 0
5.2 0 0
5.4 0 0
5.6 0 0
5.8 0 0
6 0 0
6.2 0 0
6.4 0 0
6.6 0 0
6.8 0 0
7 0 0
7.2 0 0
7.4 0 0
7.6 0 0
7.8 0 0
8 0 0
8.199999999999999 0 0
8.4 0 0
8.6 0 0
8.800000000000001 0 0
9 0 0
9.199999999999999 0 0
9.4 0 0
9.6 0 0
9.800000000000001 0 0
1 10 0 49
90
91
92
93
94
95
96
97
98
99
100
101
102
103
104
105
106
107
108
109
110
111
112
113
114
115
116
117
118
119
120
121
122
123
124
125
126
127
128
129
130
131
132
133
134
135
136
137
138
0.2 0 1
0.4 0 1
0.6 0 1
0.8 0 1
1 0 1
1.2 0 1
1.4 0 1
1.6 0 1
1.8 0 1
2 0 1
2.2 0 1
2.4 0 1
2.6 0 1
2.8 0 1
3 0 1
3.2 0 1
3.4 0 1
3.6 0 1
3.8 0 1
4 0 1
4.2 0 1
4.4 0 1
4.6 0 1
4.8 0 1
5 0 1
5.2 0 1
5.4 0 1
5.6 0 1
5.8 0 1
6 0 1
6.2 0 1
6.4 0 1
6.6 0 1
6.8 0 1
7 0 1
7.2 0 1
7.4 0 1
7.6 0 1
7.8 0 1
8 0 1
8.199999999999999 0 1
8.4 0 1
8.6 0 1
8.800000000000001 0 1
9 0 1
9.199999999999999 0 1
9.4 0 1
9.6 0 1
9.800000000000001 0 1
1 11 0 49
139
140
141
142
143
144
145
146
147
148
149
150
151
152
153
154
155
156
157
158
159
160
161
162
163
164
165
166
167
168
169
170
171
172
173
174
175
176
177
178
179
180
181
182
183
184
185
186
187
0.2 1 0
0.4 1 0
0.6 1 0
0.8 1 0
1 1 0
1.2 1 0
1.4 1 0
1.6 1 0
1.8 1 0
2 1 0
2.2 1 0
2.4 1 0
2.6 1 0
2.8 1 0
3 1 0
3.2 1 0
3.4 1 0
3.6 1 0
3.8 1 0
4 1 0
4.2 1 0
4.4 1 0
4.6 1 0
4.8 1 0
5 1 0
5.2 1 0
5.4 1 0
5.6 1 0
5.8 1 0
6 1 0
6.2 1 0
6.4 1 0
6.6 1 0
6.8 1 0
7 1 0
7.2 1 0
7.4 1 0
7.6 1 0
7.8 1 0
8 1 0
8.199999999999999 1 0
8.4 1 0
8.6 1 0
8.800000000000001 1 0
9 1 0
9.199999999999999 1 0
9.4 1 0
9.6 1 0
9.800000000000001 1 0
1 12 0 49
188
189
190
191
192
193
194
195
196
197
198
199
200
201
202
203
204
205
206
207
208
209
210
211
212
213
214
215
216
217
218
219
220
221
222
223
224
225
226
227
228
229
230
231
232
233
234
235
236
0.2 1 1
0.4 1 1
0.6 1 1
0.8 1 1
1 1 1
1.2 1 1
1.4 1 1
1.6 1 1
1.8 1 1
2 1 1
2.2 1 1
2.4 1 1
2.6 1 1
2.8 1 1
3 1 1
3.2 1 1
3.4 1 1
3.6 1 1
3.8 1 1
4 1 1
4.2 1 1
4.4 1 1
4.6 1 1
4.8 1 1
5 1 1
5.2 1 1
5.4 1 1
5.6 1 1
5.8 1 1
6 1 1
6.2 1 1
6.4 1 1
6.6 1 1
6.8 1 1
7 1 1
7.2 1 1
7.4 1 1
7.6 1 1
7.8 1 1
8 1 1
8.199999999999999 1 1
8.4 1 1
8.6 1 1
8.800000000000001 1 1
9 1 1
9.199999999999999 1 1
9.4 1 1
9.6 1 1
9.800000000000001 1 1
2 1 0 24
237
238
239
240
241
242
243
244
245
246
247
248
249
250
251
252
253
254
255
256
257
258
259
260
0 0.1732050807568877 0.5
0 0.86762395692966 0.5060815484130842
0 0.511334914258733 0.8362933879517428
0 0.5113349142587333 0.1637066120482572
0 0.1693544090111663 0.6991525261438247
0 0.3294323965174819 0.6035511415539024
0 0.3272445476423867 0.3968994697290522
0 0.5196152422706631 0.5000000000000003
0 0.6998864233952289 0.1693821434767736
0 0.1696231065146906 0.300470822890511
0 0.6998864233952286 0.8306178565232263
0 0.3163905351026034 0.8117548379099396
0 0.3143138707679166 0.1823377050509934
0 0.8134721856525715 0.6842154386822444
0 0.8275153573879346 0.3140773139059769
0 0.6106855812483947 0.3312774089966587
0 0.6126192851251918 0.6785385660760863
0 0.6824157015083581 0.5231079981948777
0 0.8535898384862246 0.8535898384862246
0 0.8535898384862247 0.1464101615137752
0 0.1464101615137753 0.8535898384862245
0 0.1464101615137754 0.1464101615137754
0 0.4582018644170682 0.3103030287661162
0 0.4582018644170677 0.6896969712338843
2 2 0 24
261
262
263
264
265
266
267
268
269
270
271
272
273
274
275
276
277
278
279
280
281
282
283
284
10 0.1732050807568877 0.5
10 0.86762395692966 0.5060815484130842
10 0.511334914258733 0.8362933879517428
10 0.5113349142587333 0.1637066120482572
10 0.1693544090111663 0.6991525261438247
10 0.3294323965174819 0.6035511415539024
10 0.3272445476423867 0.3968994697290522
10 0.5196152422706631 0.5000000000000003
10 0.6998864233952289 0.1693821434767736
10 0.1696231065146906 0.300470822890511
10 0.6998864233952286 0.8306178565232263
10 0.3163905351026034 0.8117548379099396
10 0.3143138707679166 0.1823377050509934
10 0.8134721856525715 0.6842154386822444
10 0.8275153573879346 0.3140773139059769
10 0.6106855812483947 0.3312774089966587
10 0.6126192851251918 0.6785385660760863
10 0.6824157015083581 0.5231079981948777
10 0.8535898384862246 0.8535898384862246
10 0.8535898384862247 0.1464101615137752
10 0.1464101615137753 0.8535898384862245
10 0.1464101615137754 0.1464101615137754
10 0.4582018644170682 0.3103030287661162
10 0.4582018644170677 0.6896969712338843
2 3 0 250
285
286
287
288
289
290
291
292
293
294
295
296
297
298
299
300
301
302
303
304
305
306
307
308
309
310
311
312
313
314
315
316
317
318
319
320
321
322
323
324
325
326
327
328
329
330
331
332
333
334
335
336
337
338
339
340
341
342
343
344
345
346
347
348
349
350
351
352
353
354
355
356
357
358
359
360
361
362
363
364
365
366
367
368
369
370
371
372
373
374
375
376
377
378
379
380
381
382
383
384
385
386
387
388
389
390
391
392
393
394
395
396
397
398
399
400
401
402
403
404
405
406
407
408
409
410
411
412
413
414
415
416
417
418
419
420
421
422
423
424
425
426
427
428
429
430
431
432
433
434
435
436
437
438
439
440
441
442
443
444
445
446
447
448
449
450
451
452
453
454
455
456
457
458
459
460
461
462
463
464
465
466
467
468
469
470
471
472
473
474
475
476
477
478
479
480
481
482
483
484
485
486
487
488
489
490
491
492
493
494
495
496
497
498
499
500
501
502
503
504
505
506
507
508
509
510
511
512
513
514
515
516
517
518
519
520
521
522
523
524
525
526
527
528
529
530
531
532
533
534
4.500000000000001 0 0.1732050807571968
5.5 0 0.1732050807571238
6.499999999999991 0 0.1732050807570398
7.5 0 0.1732050807569214
8.099999999999998 0 0.1732050807568812
8.500000000000004 0 0.173205080756884
8.9 0 0.1732050807568888
9.299999999999997 0 0.8267949192431046
2.300000000000002 0 0.1732050807572164
2.7 0 0.8267949192431125
3.300000000000002 0 0.1732050807572972
3.698099087153466 0 0.8350421021943548
0.162755156179765 0 0.5096679054950179
0.7 0 0.8267949192431123
1.29467744402964 0 0.8398717474239368
1.898099087153452 0 0.8350421021944225
4.099999999999999 0 0.8267949192431121
5.100000000000001 0 0.8267949192431121
6.100000000000002 0 0.8267949192431121
7.100000000000001 0 0.8267949192431121
7.900000000000001 0 0.8267949192431125
6.698099087153473 0 0.8350421021942562
4.698099087153466 0 0.8350421021943246
5.698099087153472 0 0.8350421021942934
8.699999999999999 0 0.8267949192431125
9.491325504813407 0 0.164496800510219
8.29999999999999 0 0.8267949192431129
1.5 0 0.1732050807574603
2.9 0 0.173205080757184
3.899999999999999 0 0.1732050807571284
3.100000000000001 0 0.8267949192431123
0.9000000000000021 0 0.1732050807575097
4.900000000000002 0 0.1732050807570736
6.9 0 0.1732050807569512
5.899999999999999 0 0.1732050807571008
7.500000000000004 0 0.8267949192431129
2.3 0 0.8267949192431125
1.900000000000004 0 0.1732050807572427
9.837244843820079 0 0.4903320945051327
0.4999999999999556 0 0.1732050807575288
9.699152526143827 0 0.8306455909888268
0.3138850922675245 0 0.8080979453766884
9.099999999999998 0 0.8267949192431153
9.202661277985097 0 0.6551263280473215
9.400443546330829 0 0.6538459200797049
9.003104824315958 0 0.6586516166859566
9.300827454369077 0 0.4825630032515711
9.515396912658487 0 0.4817945671993918
9.606200093548932 0 0.6708583577922852
7.900000000000003 0 0.1732050807568883
8.000000000000011 0 0.3464101615137732
7.800000000000012 0 0.3464101615137894
8.200000000000003 0 0.346410161513765
8.100000000000021 0 0.5196152422706573
8.30000000000002 0 0.5196152422706463
9.684875694134314 0 0.1906580145880662
7.900000000000027 0 0.5196152422706656
7.700000000000032 0 0.5196152422706898
7.600000000000014 0 0.3464101615138138
7.500000000000035 0 0.5196152422707284
7.400000000000011 0 0.3464101615138462
7.300000000000035 0 0.5196152422707637
7.200000000000012 0 0.3464101615138649
7.100000000000036 0 0.5196152422708062
7.000000000000014 0 0.3464101615138918
6.900000000000039 0 0.5196152422708531
6.800000000000016 0 0.3464101615139245
6.697338722014882 0 0.514809545664667
6.599556453669156 0 0.3456092120795978
6.496821251295565 0 0.5171443117030718
6.399396284160781 0 0.3458648481803448
6.29936958924276 0 0.5158376103967474
6.19979431223392 0 0.3456896706461421
6.09996372611575 0 0.5177166014114749
6.394042584119473 0 0.6787020677736171
5.999959673058282 0 0.3459736395595566
5.899996676696115 0 0.5178119290961988
5.799992724959073 0 0.3460368556591815
5.697336955624068 0 0.5144467758265293
5.599554946763863 0 0.345486532797519
5.496820705746202 0 0.5170634035164697
5.399395942085015 0 0.345830916935656
5.299369441305231 0 0.5158184704916178
5.199794230565043 0 0.3456808254545064
5.09996371615434 0 0.5177153872865403
5.394042468538296 0 0.6786853930917154
4.999959657786571 0 0.3459719630067633
4.899996675601384 0 0.5178118036851296
4.799992722231334 0 0.346036555331913
4.697336954986979 0 0.514446704870219
4.599554946203061 0 0.3454864709169825
4.496820705546544 0 0.5170633813770862
4.399395941958272 0 0.345830902932421
4.299369441250832 0 0.5158184644679313
4.199794230534854 0 0.345680822116875
4.099963716150673 0 0.5177153868805285
4.394042468495936 0 0.678685388397918
3.999959657780928 0 0.3459719623829969
3.899996675600985 0 0.517811803640578
3.799992722230324 0 0.3460365552207098
3.697336954986745 0 0.5144467048443409
3.599554946202849 0 0.3454864708942599
3.49682070554646 0 0.5170633813690905
3.399395941958226 0 0.3458309029272689
3.299369441250813 0 0.5158184644658379
3.394042468495899 0 0.6786853883962933
3.199794230534849 0 0.3456808221157126
3.099963716150671 0 0.5177153868805365
2.999959657780928 0 0.3459719623828952
2.899996675600984 0 0.5178118036407239
2.799992722230324 0 0.3460365552208112
2.69999954002812 0 0.5178187889939975
2.599998710376411 0 0.3460484849193047
2.500000000000044 0 0.5196152422716152
2.39999978506275 0 0.3463498820819089
2.300000000000044 0 0.5196152422716528
2.199999964177141 0 0.3464001149423628
2.100000000000044 0 0.5196152422716904
1.999999994029541 0 0.346408487085795
1.897338721019773 0 0.5148092665938837
1.799556452508229 0 0.3456088864967454
1.696821250936177 0 0.5171442109279678
1.59939628390741 0 0.3458647771209667
1.499369589140632 0 0.5158375817581257
1.594042584042448 0 0.678702046204928
1.399794312174679 0 0.3456896540302349
1.297199372234054 0 0.5140541334869126
1.199498947401459 0 0.3453632254700317
1.096788441954088 0 0.5169774119057586
0.9993812315592656 0 0.3457960337797295
0.89936161225226 0 0.5157983246976172
0.9940357863973572 0 0.678667703524513
0.7997904739685973 0 0.3456716539631309
0.699963213514413 0 0.5177141153655463
0.599958947913837 0 0.3459702224383683
0.4847735390739817 0 0.5182187558202492
0.3937541518044039 0 0.3297549984220711
0.3003343642131378 0 0.1697320216716143
6.299865099399112 0 0.1729941133901404
7.299999999999991 0 0.1732050807569509
1.299999999999979 0 0.1732050807580411
2.699999999999981 0 0.1732050807577777
5.299865028775008 0 0.172986983984028
3.699999999999982 0 0.1732050807576127
4.299865028748853 0 0.1729869810940114
8.499999999999995 0 0.8300698438003994
8.598099087153486 0 0.6622268934084177
6.699926075611527 0 0.1730715891845855
7.300000000000008 0 0.8267949192431032
6.899838357751143 0 0.8308321358666321
8.900517470719324 0 0.8276385489430675
4.89983835775115 0 0.8308321358666753
7.700000000000005 0 0.1732050807568979
2.5 0 0.8267949192431128
2.099999993034448 0 0.1732031272571028
2.09983835775115 0 0.8308321358667233
2.900000000000002 0 0.8267949192431103
5.899838357751152 0 0.8308321358666596
0.6999582369803986 0 0.1730086729860896
1.699825456069274 0 0.1729806375220692
9.099999999999991 0 0.169930156199605
9.001900912846502 0 0.3377731065915916
8.800161642248856 0 0.3423397925117775
8.700026940374816 0 0.1725266859232136
9.299262372858266 0 0.1688472581022745
0.5109886772311407 0 0.8323870371788169
9.500966027670597 0 0.8303574646839869
3.099958981385964 0 0.1730104910021815
4.700000000000002 0 0.1732050807568844
5.699999999999999 0 0.1732050807568872
3.899838357751155 0 0.8308321358666881
7.7 0 0.8267949192431134
8.800286897031462 0 0.6625519963800972
8.300000000000001 0 0.1732050807568838
8.099999999999993 0 0.8267949192431238
7.100000000000003 0 0.1732050807569258
8.597370152452161 0 0.3408130042682898
4.099936486177438 0 0.172974141058502
3.499825148026843 0 0.1729545892227398
8.396900414090243 0 0.3439408124117577
2.499999749239857 0 0.1731347547527013
5.099936486187771 0 0.1729741422003952
1.099813363160117 0 0.1729282367942186
6.099936514115218 0 0.1729770840588233
9.838382399514837 0 0.3060778997600602
0.1590410458577368 0 0.6952066487841939
9.812276789459114 0 0.6839003788786481
0.1876433727851387 0 0.3162411881035434
9.685600517203834 0 0.3874191781225163
0.3137919300471983 0 0.6125897937990171
8.494529434608356 0 0.5077126749951022
9.101415744919432 0 0.4934791114577548
6.299007097353259 0 0.8375187048812802
6.597716940763893 0 0.6775579291132697
5.299007078089724 0 0.8375159257676562
5.597716536177005 0 0.6774812036621981
4.299007078082667 0 0.8375159249853796
4.597716536030488 0 0.6774811873639783
3.299007078082662 0 0.8375159249851378
3.59771653603044 0 0.6774811873580868
1.498120004678693 0 0.8396981726501016
1.79771694052532 0 0.677557862210994
0.8990059643995718 0 0.8375129775065808
1.197116840769202 0 0.678197706435487
8.698407868915716 0 0.50260739359395
8.900879648379654 0 0.4995671695368546
7.999999999999997 0 0.6732050807568971
8.200000000000001 0 0.6732107982690643
7.80000000000002 0 0.6732050807568953
7.600000000000019 0 0.6732050807569128
9.39246087892996 0 0.3230396609229885
7.400000000000026 0 0.6732050807569374
7.200000000000029 0 0.6732050807569451
7.000000000000076 0 0.6732050807569476
6.798832184613918 0 0.6751770059777709
5.999966460093852 0 0.673255240343092
5.798825678915943 0 0.6748115644981618
4.999966458251154 0 0.6732550170871179
4.79882567829577 0 0.6748114918445741
3.999966458250491 0 0.6732550170120428
3.798825678295547 0 0.6748114918193485
3.000000000000006 0 0.6732050807573383
2.800000000000068 0 0.6732050807573124
2.599999999999999 0 0.6732050807573786
2.400000000000014 0 0.6732050807573812
2.2 0 0.6732050807574157
1.99883218440829 0 0.675176948315855
0.6079620668231425 0 0.6757516468312885
9.199999999999971 0 0.3267606141700716
8.399680190622032 0 0.672380110918759
6.498144284898349 0 0.8381368006604039
5.498144194993082 0 0.8381207707859772
6.200000000000096 0 0.67317077568398
5.200000000000053 0 0.6731707756840557
4.498144194960425 0 0.8381207671569333
4.200000000000065 0 0.6731707756841216
3.498144194960411 0 0.8381207671556453
3.20000000000007 0 0.6731707756842084
1.697996436066652 0 0.8385000305434076
1.097472672599295 0 0.8390416891484196
1.396754305815778 0 0.6777268979932486
0.8000000000000732 0 0.6731707756844256
0.1464101615137755 0 0.8535898384862244
9.853589838486231 0 0.853589838486248
9.853589838486231 0 0.1464101615137523
0.1464101615137287 0 0.1464101615137287
0.450545849182905 0 0.6870532963611454
9.54795302888056 0 0.3137757223044033
9.689750224214741 0 0.5418767703780438
0.3102497757849356 0 0.4581232296223722
2 4 0 250
535
536
537
538
539
540
541
542
543
544
545
546
547
548
549
550
551
552
553
554
555
556
557
558
559
560
561
562
563
564
565
566
567
568
569
570
571
572
573
574
575
576
577
578
579
580
581
582
583
584
585
586
587
588
589
590
591
592
593
594
595
596
597
598
599
600
601
602
603
604
605
606
607
608
609
610
611
612
613
614
615
616
617
618
619
620
621
622
623
624
625
626
627
628
629
630
631
632
633
634
635
636
637
638
639
640
641
642
643
644
645
646
647
648
649
650
651
652
653
654
655
656
657
658
659
660
661
662
663
664
665
666
667
668
669
670
671
672
673
674
675
676
677
678
679
680
681
682
683
684
685
686
687
688
689
690
691
692
693
694
695
696
697
698
699
700
701
702
703
704
705
706
707
708
709
710
711
712
713
714
715
716
717
718
719
720
721
722
723
724
725
726
727
728
729
730
731
732
733
734
735
736
737
738
739
740
741
742
743
744
745
746
747
748
749
750
751
752
753
754
755
756
757
758
759
760
761
762
763
764
765
766
767
768
769
770
771
772
773
774
775
776
777
778
779
780
781
782
783
784
4.500000000000001 1 0.1732050807571968
5.5 1 0.1732050807571238
6.499999999999991 1 0.1732050807570398
7.5 1 0.1732050807569214
8.099999999999998 1 0.1732050807568812
8.500000000000002 1 0.173205080756897
8.900000000000007 1 0.1732050807569139
9.500000000000004 1 0.1732050807568921
2.300000000000002 1 0.1732050807572164
2.7 1 0.8267949192431125
3.300000000000002 1 0.1732050807572972
3.698099087153466 1 0.8350421021943548
0.162755156179765 1 0.5096679054950179
0.7 1 0.8267949192431123
1.29467744402964 1 0.8398717474239368
1.898099087153452 1 0.8350421021944225
4.099999999999999 1 0.8267949192431121
5.100000000000001 1 0.8267949192431121
6.100000000000002 1 0.8267949192431121
7.100000000000001 1 0.8267949192431121
7.900000000000001 1 0.8267949192431125
6.698099087153473 1 0.8350421021942562
9.1 1 0.8267949192431129
4.698099087153466 1 0.8350421021943246
5.698099087153472 1 0.8350421021942934
8.699999999999999 1 0.8267949192431129
8.29999999999999 1 0.8267949192431129
1.5 1 0.1732050807574603
2.9 1 0.173205080757184
3.899999999999999 1 0.1732050807571284
3.100000000000001 1 0.8267949192431123
0.9000000000000021 1 0.1732050807575097
4.900000000000002 1 0.1732050807570736
6.9 1 0.1732050807569512
5.899999999999999 1 0.1732050807571008
7.500000000000004 1 0.8267949192431129
9.491325504813434 1 0.8355031994898015
2.3 1 0.8267949192431125
1.900000000000004 1 0.1732050807572427
9.837244843820084 1 0.5096679054948577
0.4999999999999556 1 0.1732050807575288
0.3138850922675245 1 0.8080979453766884
7.900000000000003 1 0.1732050807568883
8.000000000000011 1 0.3464101615137732
7.800000000000012 1 0.3464101615137894
8.200000000000003 1 0.346410161513765
8.100000000000021 1 0.5196152422706573
8.30000000000002 1 0.5196152422706463
9.699152526143827 1 0.1693544090111561
9.60356001705072 1 0.3294192907182898
9.400593336175131 1 0.3435783497145473
9.515808677305087 1 0.5157213820178903
9.302733668913378 1 0.5119558828384734
9.200554500848089 1 0.3446616329752328
9.100279606272267 1 0.5154793262407731
9.000139017853403 1 0.3454294207524019
8.900018161882485 1 0.5176912548118333
8.80002619662266 1 0.345926040143775
8.700001924480507 1 0.5178087643548454
8.600004686850534 1 0.3460283949661537
9.299999999999976 1 0.17320508075692
8.500000286830645 1 0.5178183031045461
9.684875694134337 1 0.8093419854119416
7.900000000000027 1 0.5196152422706656
7.700000000000032 1 0.5196152422706898
7.600000000000014 1 0.3464101615138138
7.500000000000035 1 0.5196152422707284
7.400000000000011 1 0.3464101615138462
7.300000000000035 1 0.5196152422707637
7.200000000000012 1 0.3464101615138649
7.100000000000036 1 0.5196152422708062
7.000000000000014 1 0.3464101615138918
6.900000000000039 1 0.5196152422708531
6.800000000000016 1 0.3464101615139245
6.697338722014882 1 0.514809545664667
6.599556453669156 1 0.3456092120795978
6.496821251295565 1 0.5171443117030718
6.399396284160781 1 0.3458648481803448
6.29936958924276 1 0.5158376103967474
6.19979431223392 1 0.3456896706461421
6.09996372611575 1 0.5177166014114749
6.394042584119473 1 0.6787020677736171
5.999959673058282 1 0.3459736395595566
5.899996676696115 1 0.5178119290961988
5.799992724959073 1 0.3460368556591815
5.697336955624068 1 0.5144467758265293
5.599554946763863 1 0.345486532797519
5.496820705746202 1 0.5170634035164697
5.399395942085015 1 0.345830916935656
5.299369441305231 1 0.5158184704916178
5.199794230565043 1 0.3456808254545064
5.09996371615434 1 0.5177153872865403
5.394042468538296 1 0.6786853930917154
4.999959657786571 1 0.3459719630067633
4.899996675601384 1 0.5178118036851296
4.799992722231334 1 0.346036555331913
4.697336954986979 1 0.514446704870219
4.599554946203061 1 0.3454864709169825
4.496820705546544 1 0.5170633813770862
4.399395941958272 1 0.345830902932421
4.299369441250832 1 0.5158184644679313
4.199794230534854 1 0.345680822116875
4.099963716150673 1 0.5177153868805285
4.394042468495936 1 0.678685388397918
3.999959657780928 1 0.3459719623829969
3.899996675600985 1 0.517811803640578
3.799992722230324 1 0.3460365552207098
3.697336954986745 1 0.5144467048443409
3.599554946202849 1 0.3454864708942599
3.49682070554646 1 0.5170633813690905
3.399395941958226 1 0.3458309029272689
3.299369441250813 1 0.5158184644658379
3.394042468495899 1 0.6786853883962933
3.199794230534849 1 0.3456808221157126
3.099963716150671 1 0.5177153868805365
2.999959657780928 1 0.3459719623828952
2.899996675600984 1 0.5178118036407239
2.799992722230324 1 0.3460365552208112
2.69999954002812 1 0.5178187889939975
2.599998710376411 1 0.3460484849193047
2.500000000000044 1 0.5196152422716152
2.39999978506275 1 0.3463498820819089
2.300000000000044 1 0.5196152422716528
2.199999964177141 1 0.3464001149423628
2.100000000000044 1 0.5196152422716904
1.999999994029541 1 0.346408487085795
1.897338721019773 1 0.5148092665938837
1.799556452508229 1 0.3456088864967454
1.696821250936177 1 0.5171442109279678
1.59939628390741 1 0.3458647771209667
1.499369589140632 1 0.5158375817581257
1.594042584042448 1 0.678702046204928
1.399794312174679 1 0.3456896540302349
1.297199372234054 1 0.5140541334869126
1.199498947401459 1 0.3453632254700317
1.096788441954088 1 0.5169774119057586
0.9993812315592656 1 0.3457960337797295
0.89936161225226 1 0.5157983246976172
0.9940357863973572 1 0.678667703524513
0.7997904739685973 1 0.3456716539631309
0.699963213514413 1 0.5177141153655463
0.599958947913837 1 0.3459702224383683
0.4847735390739817 1 0.5182187558202492
0.3937541518044039 1 0.3297549984220711
0.3003343642131378 1 0.1697320216716143
6.299865099399112 1 0.1729941133901404
7.299999999999991 1 0.1732050807569509
1.299999999999979 1 0.1732050807580411
2.699999999999981 1 0.1732050807577777
5.299865028775008 1 0.172986983984028
3.699999999999982 1 0.1732050807576127
4.299865028748853 1 0.1729869810940114
8.499999999999991 1 0.8267949192431086
6.699926075611527 1 0.1730715891845855
7.300000000000008 1 0.8267949192431032
6.899838357751143 1 0.8308321358666321
8.899999999999997 1 0.8267949192431222
4.89983835775115 1 0.8308321358666753
7.700000000000005 1 0.1732050807568979
2.5 1 0.8267949192431128
2.099999993034448 1 0.1732031272571028
2.09983835775115 1 0.8308321358667233
2.900000000000002 1 0.8267949192431103
5.899838357751152 1 0.8308321358666596
0.6999582369803986 1 0.1730086729860896
1.699825456069274 1 0.1729806375220692
0.5109886772311407 1 0.8323870371788169
3.099958981385964 1 0.1730104910021815
4.700000000000002 1 0.1732050807568844
5.699999999999999 1 0.1732050807568872
3.899838357751155 1 0.8308321358666881
9.299999999999999 1 0.8267949192431255
7.7 1 0.8267949192431134
8.700001339870251 1 0.1731675144686396
8.300000000000001 1 0.173205080756886
8.099999999999993 1 0.8267949192431238
7.100000000000003 1 0.1732050807569258
4.099936486177438 1 0.172974141058502
3.499825148026843 1 0.1729545892227398
8.400000828946865 1 0.3460470438948156
2.499999749239857 1 0.1731347547527013
5.099936486187771 1 0.1729741422003952
1.099813363160117 1 0.1729282367942186
9.099999999999991 1 0.1732050807568869
6.099936514115218 1 0.1729770840588233
9.811899635673656 1 0.3161392851942796
9.838382399514847 1 0.6939221002399396
0.1590410458577368 1 0.6952066487841939
0.1876433727851387 1 0.3162411881035434
9.685669144644951 1 0.6121668134136938
0.3137919300471983 1 0.6125897937990171
6.299007097353259 1 0.8375187048812802
6.597716940763893 1 0.6775579291132697
5.299007078089724 1 0.8375159257676562
5.597716536177005 1 0.6774812036621981
4.299007078082667 1 0.8375159249853796
4.597716536030488 1 0.6774811873639783
3.299007078082662 1 0.8375159249851378
3.59771653603044 1 0.6774811873580868
1.498120004678693 1 0.8396981726501016
1.79771694052532 1 0.677557862210994
0.8990059643995718 1 0.8375129775065808
1.197116840769202 1 0.678197706435487
7.999999999999997 1 0.6732050807568971
8.200000000000003 1 0.6732050807568913
7.80000000000002 1 0.6732050807568953
8.399999999999988 1 0.6732050807569114
9.39297014665209 1 0.6749007903403088
9.200000000000022 1 0.6732050807569299
7.600000000000019 1 0.6732050807569128
8.600000000000039 1 0.6732050807569125
8.800000000000045 1 0.6732050807569091
9.00000000000005 1 0.673205080756901
7.400000000000026 1 0.6732050807569374
7.200000000000029 1 0.6732050807569451
7.000000000000076 1 0.6732050807569476
6.798832184613918 1 0.6751770059777709
5.999966460093852 1 0.673255240343092
5.798825678915943 1 0.6748115644981618
4.999966458251154 1 0.6732550170871179
4.79882567829577 1 0.6748114918445741
3.999966458250491 1 0.6732550170120428
3.798825678295547 1 0.6748114918193485
3.000000000000006 1 0.6732050807573383
2.800000000000068 1 0.6732050807573124
2.599999999999999 1 0.6732050807573786
2.400000000000014 1 0.6732050807573812
2.2 1 0.6732050807574157
1.99883218440829 1 0.675176948315855
0.6079620668231425 1 0.6757516468312885
6.498144284898349 1 0.8381368006604039
5.498144194993082 1 0.8381207707859772
6.200000000000096 1 0.67317077568398
5.200000000000053 1 0.6731707756840557
4.498144194960425 1 0.8381207671569333
4.200000000000065 1 0.6731707756841216
3.498144194960411 1 0.8381207671556453
3.20000000000007 1 0.6731707756842084
1.697996436066652 1 0.8385000305434076
1.097472672599295 1 0.8390416891484196
1.396754305815778 1 0.6777268979932486
0.8000000000000732 1 0.6731707756844256
0.1464101615137755 1 0.8535898384862244
9.853589838486231 1 0.1464101615137523
9.853589838486231 1 0.8535898384862444
0.1464101615137287 1 0.1464101615137287
0.450545849182905 1 0.6870532963611454
9.547953028880624 1 0.6862242776956325
9.689750224214736 1 0.4581232296219016
0.3102497757849356 1 0.4581232296223722
2 5 0 250
785
786
787
788
789
790
791
792
793
794
795
796
797
798
799
800
801
802
803
804
805
806
807
808
809
810
811
812
813
814
815
816
817
818
819
820
821
822
823
824
825
826
827
828
829
830
831
832
833
834
835
836
837
838
839
840
841
842
843
844
845
846
847
848
849
850
851
852
853
854
855
856
857
858
859
860
861
862
863
864
865
866
867
868
869
870
871
872
873
874
875
876
877
878
879
880
881
882
883
884
885
886
887
888
889
890
891
892
893
894
895
896
897
898
899
900
901
902
903
904
905
906
907
908
909
910
911
912
913
914
915
916
917
918
919
920
921
922
923
924
925
926
927
928
929
930
931
932
933
934
935
936
937
938
939
940
941
942
943
944
945
946
947
948
949
950
951
952
953
954
955
956
957
958
959
960
961
962
963
964
965
966
967
968
969
970
971
972
973
974
975
976
977
978
979
980
981
982
983
984
985
986
987
988
989
990
991
992
993
994
995
996
997
998
999
1000
1001
1002
1003
1004
1005
1006
1007
1008
1009
1010
1011
1012
1013
1014
1015
1016
1017
1018
1019
1020
1021
1022
1023
1024
1025
1026
1027
1028
1029
1030
1031
1032
1033
1034
8.300000000000006 0.1732050807568968 0
4.5 0.1732050807568871 0
5.500000000000001 0.1732050807568869 0
6.499999999999996 0.1732050807568872 0
7.500000000000004 0.1732050807568919 0
8.900000000000006 0.1732050807569073 0
9.500000000000005 0.1732050807568936 0
7.900000000000016 0.8363948774311769 0
2.299999999999999 0.1732050807568879 0
3.299999999999999 0.8267949192431125 0
3.7 0.1732050807568867 0
2.7 0.1732050807568883 0
0.1627551561799208 0.5096679054948584 0
0.7 0.8267949192431123 0
1.1 0.8267949192431123 0
1.502661277985119 0.8283314088042092 0
1.9 0.1732050807568875 0
4.9 0.8267949192431108 0
5.899999999999998 0.8267949192431121 0
6.900000000000002 0.8267949192431121 0
4.102661277985121 0.828331408804208 0
8.5 0.8433486174159484 0
7.301900912846518 0.8350421021942096 0
9.1 0.8267949192431129 0
5.299999999999999 0.8366082578906242 0
6.301900912846509 0.8350421021942003 0
2.5 0.8267949192431125 0
2.09733872201488 0.83160061584932 0
6.099999999999999 0.1732050807568896 0
2.9 0.8267949192431123 0
0.9000000000000001 0.1732050807568881 0
3.1 0.1732050807568881 0
1.3 0.1732050807568877 0
5.099999999999999 0.1633917421093758 0
7.100000000000009 0.1732050807568961 0
4.500000000000002 0.8267949192431088 0
9.491325504813458 0.8355031994898003 0
3.700000000000001 0.8267949192431125 0
7.900000000000004 0.1732050807568982 0
4.09733872201488 0.1683993841506793 0
9.837244843820086 0.5096679054948487 0
0.5 0.1732050807568889 0
0.313885092267583 0.8080979453767023 0
8.500000000000009 0.1732050807568871 0
8.400000000000018 0.346410161513773 0
8.200000000000017 0.3464101615137944 0
8.600000000000019 0.3464101615137697 0
8.29733872201491 0.5180787527095697 0
8.099556453669177 0.5160842361198783 0
8.19415997331045 0.6788989122284615 0
7.999926075611541 0.3458216604886691 0
7.899977549687691 0.5177315392188724 0
7.799983937549881 0.3459981275009752 0
7.69999358120628 0.5159576948692965 0
7.599996253126037 0.3457318979447599 0
7.502659583707187 0.5173561175478552 0
7.605764750122495 0.6787573828264281 0
7.400442639472214 0.3459205967984806 0
7.303178315181698 0.5143514307581205 0
7.200000000000031 0.3464101615137986 0
7.100270264896416 0.5158317136946688 0
9.69915252614383 0.1693544090111568 0
9.603560017050725 0.3294192907182867 0
9.400593336175135 0.3435783497145493 0
9.51580867730511 0.5157213820178823 0
9.302733668913406 0.5119558828384595 0
9.200554500848096 0.3446616329752477 0
9.100279606272277 0.5154764091427269 0
9.000139017853407 0.3454289345694073 0
8.90006977068764 0.5154869743680301 0
9.299999999999978 0.1732050807569243 0
7.300073773245375 0.1731234866376778 0
9.684875694134352 0.8093419854119446 0
8.800034798090183 0.3455585790392864 0
8.702678706114773 0.5172487776467215 0
8.805780635437326 0.6786610394260376 0
8.500001058559901 0.5182582920205037 0
6.700000000000003 0.1732050807568847 0
6.599999999999998 0.3464101615137734 0
6.399999999999997 0.3464101615137733 0
6.502661277985107 0.518078752709564 0
6.700443546330839 0.5160842361198553 0
6.303104824315966 0.5145534640709357 0
6.605840026689551 0.6788989122284497 0
6.800073924388474 0.345821660488646 0
6.900066984321056 0.5156043727667303 0
7.000017838643883 0.3460464719441265 0
5.900000000000003 0.1732050807568921 0
6.000000000000004 0.3464101615137776 0
5.800000000000006 0.3464101615137789 0
5.900000000000014 0.5196152422706676 0
5.70000000000001 0.5163403177133777 0
5.600000000000005 0.345864340754228 0
5.502661277985121 0.5174419618234282 0
5.605766102301094 0.6788354606796922 0
5.700000000000003 0.1731141106302976 0
6.100161642248857 0.830832135866625 0
5.097338722014881 0.8299669652454612 0
4.996895175684032 0.6556550023810461 0
4.799482529280675 0.6539340324686891 0
4.896735006175671 0.482322806936647 0
4.69936958924273 0.4840400561515843 0
5.096277085658166 0.4956652776545644 0
4.794028209932831 0.3211887297578174 0
4.599808686420571 0.6542564205536704 0
4.499964349735503 0.4822757523714944 0
4.399962172692682 0.6540161012711564 0
4.299996812197535 0.4821872940843407 0
4.203097988464344 0.6557538761641581 0
4.100368428650226 0.492532708370555 0
3.499999999999999 0.1732050807568864 0
3.599999999999999 0.3464101615137743 0
3.399999999999998 0.3464101615137734 0
3.499999999999999 0.5196152422706615 0
3.299999999999999 0.5196152422706596 0
3.699999999999999 0.5196152422706637 0
3.79733872201488 0.344873671952677 0
3.899727041745845 0.5092027720000427 0
3.499999999999997 0.826794919243109 0
4.699881869283541 0.8269633819180964 0
2.1 0.1732050807568875 0
2.199999999999999 0.346410161513775 0
2.399999999999999 0.3464101615137762 0
2.299999999999998 0.5196152422706631 0
2.098099087153485 0.511368059319574 0
2.499999999999998 0.5196152422706644 0
2.599999999999999 0.3464101615137771 0
2.699999999999998 0.5196152422706652 0
2.799999999999998 0.3464101615137783 0
2.899999999999997 0.5196152422706678 0
2.999999999999998 0.3464101615137785 0
3.099999999999998 0.5196152422706672 0
2.9 0.1732050807568899 0
2.5 0.1732050807568885 0
2.700000000000001 0.8267949192431105 0
2.299838357751147 0.8294696144051348 0
4.299838357751146 0.1705303855948646 0
1.5 0.1732050807568877 0
1.4 0.343135236956486 0
1.2 0.3458643407542273 0
1.6 0.3445645887415066 0
1.301900912846514 0.5109132086866178 0
1.100161642248854 0.5154929345423542 0
1.000026940374809 0.345632140099133 0
0.9000081816007082 0.5177006401220681 0
0.8000058536625866 0.3459613909199031 0
0.7000006089156998 0.5178107052164949 0
0.6000010770963813 0.346034610239103 0
0.4847848997289101 0.5182417526272973 0
0.3937630667774772 0.3297695625229031 0
0.3003347509868084 0.1697326535298477 0
1.303104824315972 0.8318566974428362 0
0.8999999999999999 0.8267949192431124 0
0.7000003006889042 0.1731693177992424 0
1.896895175684029 0.8291323582385774 0
1.100002290848198 0.1730925091434362 0
0.5109886772311558 0.8323870371787285 0
1.700000000000001 0.8267949192431119 0
1.799172545630872 0.6557917229367273 0
1.60211922518175 0.6597985873965143 0
9.300000000000002 0.8267949192431258 0
4.300486516933857 0.8271458367621569 0
1.7 0.1728974852948429 0
1.8 0.3446132558039708 0
1.999683181192247 0.3414612221796703 0
7.699997641747132 0.1730752834257246 0
5.302661277985118 0.170033034754538 0
5.403548370646826 0.3438918140844898 0
5.303075733700137 0.5067667398705757 0
7.100161642248855 0.8308321358666195 0
3.099999999999999 0.8267949192431105 0
3.299999999999999 0.1732050807568863 0
3.896451629353174 0.1706115601679061 0
3.903104824315973 0.8318566974428344 0
3.199999999999998 0.3464101615137751 0
6.299999999999997 0.1732050807568891 0
8.099987679268594 0.1731069972527098 0
6.200517470719328 0.3455665318138209 0
6.900015293838728 0.1730463823244255 0
8.700005799681701 0.1730631503444751 0
6.10030801828532 0.5157771561787415 0
9.099999999999985 0.173205080756974 0
9.838382399514847 0.6939221002399355 0
9.81189963567366 0.3161392851942746 0
0.159041045857823 0.6952066487841713 0
0.18764470160618 0.3162433589547558 0
0.3137938234898113 0.6125936266001005 0
9.685669144644972 0.6121668134136944 0
6.700973337781587 0.8375515122903681 0
8.099026662218412 0.8391515053217158 0
3.994393111999202 0.3359135659331234 0
5.399255907679272 0.6748176104506636 0
4.005628805255623 0.6644790006649286 0
4.699004701655474 0.1624630947073401 0
5.198807104122747 0.6665799755821558 0
1.998584255080544 0.6668439220046685 0
5.198265800013255 0.3326912038020953 0
1.401631040054892 0.6673451130023318 0
4.997551016963319 0.3248025489456084 0
7.402250593642984 0.6775260967783987 0
5.700961017050183 0.8375409370322463 0
6.402251173639518 0.6777037964244809 0
8.603668468474654 0.6819292743266046 0
8.399194703726646 0.6811597192146537 0
7.700960791687089 0.8391279170880527 0
8.900963439239565 0.8375118668233164 0
6.000078276755698 0.6732325516666432 0
3.800367063693835 0.6725943642081047 0
1.700000000000001 0.5000000000000006 0
3.399999999999998 0.6732050807568861 0
6.20130080801531 0.674523534400271 0
2.198976737000009 0.6720170891010415 0
4.19965012115668 0.3274712321473702 0
1.201133069911038 0.67093465894569 0
1.0002171489601 0.6718205254755376 0
2.399802515791858 0.6734528646745839 0
7.000083148577717 0.6725731663353074 0
0.8000268975567272 0.6725974980802082 0
3.600061177282305 0.673103294665423 0
3.199999999999998 0.6732050807568879 0
2.599967085965308 0.6732463780765038 0
0.6079746757586408 0.6756760316735848 0
2.999999999999997 0.6732050807568887 0
4.399908273473479 0.3270831615451904 0
2.79999451432755 0.6732119636434915 0
7.201307479565697 0.6743594409378872 0
9.392970146652123 0.6749007903403076 0
9.200000000000076 0.6732050807568989 0
6.501827575159528 0.8381993871895831 0
5.800000000000009 0.6731707756838201 0
8.298730223209251 0.8404264590301299 0
1.9 0.4999656949269272 0
1.500672759295614 0.5030564765009617 0
5.500997171171758 0.8379670443422043 0
4.898430654758604 0.1619743525866903 0
4.600000000000017 0.3268292243161854 0
7.800569444957802 0.6750513482190968 0
9.000000000000075 0.6731707756838732 0
6.799999999999978 0.6731707756838038 0
7.501812841383181 0.8384089164811815 0
7.998881680640591 0.6772187364232002 0
8.701735423858588 0.8402417996653178 0
0.1464101615137755 0.8535898384862246 0
0.1464101615137754 0.1464101615137754 0
9.853589838486233 0.853589838486248 0
9.853589838486229 0.1464101615137544 0
9.547953028880691 0.6862242776956796 0
0.4505471956549282 0.6870507565054383 0
0.3102497757852786 0.4581232296219064 0
9.68975022421475 0.458123229621876 0
2 6 0 250
1035
1036
1037
1038
1039
1040
1041
1042
1043
1044
1045
1046
1047
1048
1049
1050
1051
1052
1053
1054
1055
1056
1057
1058
1059
1060
1061
1062
1063
1064
1065
1066
1067
1068
1069
1070
1071
1072
1073
1074
1075
1076
1077
1078
1079
1080
1081
1082
1083
1084
1085
1086
1087
1088
1089
1090
1091
1092
1093
1094
1095
1096
1097
1098
1099
1100
1101
1102
1103
1104
1105
1106
1107
1108
1109
1110
1111
1112
1113
1114
1115
1116
1117
1118
1119
1120
1121
1122
1123
1124
1125
1126
1127
1128
1129
1130
1131
1132
1133
1134
1135
1136
1137
1138
1139
1140
1141
1142
1143
1144
1145
1146
1147
1148
1149
1150
1151
1152
1153
1154
1155
1156
1157
1158
1159
1160
1161
1162
1163
1164
1165
1166
1167
1168
1169
1170
1171
1172
1173
1174
1175
1176
1177
1178
1179
1180
1181
1182
1183
1184
1185
1186
1187
1188
1189
1190
1191
1192
1193
1194
1195
1196
1197
1198
1199
1200
1201
1202
1203
1204
1205
1206
1207
1208
1209
1210
1211
1212
1213
1214
1215
1216
1217
1218
1219
1220
1221
1222
1223
1224
1225
1226
1227
1228
1229
1230
1231
1232
1233
1234
1235
1236
1237
1238
1239
1240
1241
1242
1243
1244
1245
1246
1247
1248
1249
1250
1251
1252
1253
1254
1255
1256
1257
1258
1259
1260
1261
1262
1263
1264
1265
1266
1267
1268
1269
1270
1271
1272
1273
1274
1275
1276
1277
1278
1279
1280
1281
1282
1283
1284
4.499999999999996 0.1732050807569532 1
5.499999999999997 0.1732050807569131 1
6.499999999999996 0.1732050807568859 1
7.499999999999993 0.1732050807568885 1
8.100000000000003 0.1732050807568837 1
8.500000000000009 0.1732050807569092 1
8.900000000000007 0.173205080756916 1
9.500000000000005 0.1732050807568936 1
2.3 0.8267949192431125 1
2.699999999999996 0.1732050807570268 1
3.299999999999999 0.8267949192431125 1
3.69999999999999 0.1732050807570309 1
0.162755156179834 0.5096679054949467 1
0.7 0.8267949192431123 1
1.1 0.8267949192431123 1
1.5 0.8267949192431123 1
1.9 0.8267949192431123 1
4.899999999999999 0.8267949192431121 1
4.099999999999999 0.8267949192431121 1
6.900000000000002 0.8267949192431121 1
5.899999999999996 0.1732050807569017 1
7.898099087153486 0.8350421021942087 1
7.3 0.8267949192431125 1
9.1 0.8267949192431129 1
5.3 0.8267949192431125 1
8.29999999999999 0.8267949192431129 1
8.699999999999999 0.8267949192431129 1
6.294677444029767 0.8398717474235584 1
2.099999999999994 0.1732050807571312 1
2.89809908715347 0.8350421021942844 1
0.8999999999999969 0.1732050807571111 1
3.099999999999994 0.1732050807570669 1
1.299999999999997 0.1732050807570911 1
1.699999999999997 0.1732050807570713 1
5.099999999999994 0.1732050807569319 1
5.700000000000002 0.8267949192431125 1
7.099999999999987 0.1732050807568851 1
4.5 0.8267949192431129 1
9.491325504813458 0.8355031994898003 1
3.700000000000001 0.8267949192431125 1
4.099999999999996 0.173205080756996 1
9.837244843820086 0.5096679054948487 1
0.4999999999999696 0.1732050807572389 1
0.3138850922675501 0.8080979453766945 1
7.90000000000001 0.1732050807568959 1
8.000000000000018 0.3464101615137791 1
7.800000000000024 0.3464101615137937 1
8.200000000000019 0.3464101615137678 1
8.100000000000037 0.5196152422706565 1
8.300000000000034 0.5196152422706422 1
9.69915252614383 0.1693544090111568 1
9.603560017050725 0.3294192907182867 1
9.400593336175135 0.3435783497145493 1
9.51580867730511 0.5157213820178823 1
9.302733668913406 0.5119558828384595 1
9.200554500848096 0.3446616329752328 1
9.100279606272276 0.5154793262407716 1
9.000139017853403 0.3454294207524039 1
8.900018161882487 0.5176912548118408 1
8.800026196622662 0.3459260401437916 1
8.700001924480521 0.5178087643548744 1
8.600004686850554 0.34602839496618 1
8.500000286830669 0.5178183031046099 1
9.299999999999978 0.1732050807569243 1
7.7 0.1732050807568946 1
7.599999999999992 0.346410161513785 1
7.399999999999988 0.3464101615137813 1
7.697338722014881 0.518078752709586 1
7.499556453669134 0.5160842361198683 1
7.299980756875123 0.5177585594750789 1
7.594159973310419 0.6788989122284714 1
7.896895175684041 0.5145534640709511 1
9.684875694134352 0.8093419854119446 1
8.499999999999991 0.8267949192431091 1
6.700000000000001 0.1732050807568855 1
6.600000000000001 0.3464101615137708 1
6.399999999999999 0.3464101615137737 1
6.799999999999999 0.346410161513766 1
6.500000000000004 0.5163403177133714 1
6.297338722014882 0.5142580073927346 1
6.199556453669147 0.3455172890341259 1
6.096821251295555 0.5170370681499881 1
6.700000000000011 0.5157944969538173 1
6.900000000000015 0.5177459892280175 1
6.600000000000012 0.6750840132090346 1
5.999396284160783 0.3458316537470724 1
5.899369589242732 0.5158142040655052 1
5.994042584119484 0.6786802927928099 1
5.799794312233918 0.3456802371851572 1
5.699963726115718 0.5177151766666249 1
5.599959673058271 0.3459718298583642 1
5.499996676696086 0.5178117887704201 1
5.399992724959057 0.3460365306545363 1
5.299999540193985 0.5178187872823392 1
5.199998710858838 0.3460484805392292 1
5.100000000000009 0.5196152422707787 1
4.999999785143136 0.3463498813514498 1
4.90000000000001 0.5196152422708055 1
4.799999964190519 0.3464001148201556 1
4.700000000000009 0.5196152422708222 1
4.599999994031752 0.3464084870649379 1
4.50000000000001 0.519615242270844 1
4.399999999005294 0.3464098824391129 1
4.300000000000011 0.5196152422708693 1
4.199999999834217 0.3464101150014952 1
4.100000000000013 0.5196152422708946 1
3.999999999972371 0.3464101537618718 1
3.900000000000012 0.5196152422709176 1
3.799999999995396 0.3464101602219521 1
3.700000000000012 0.5196152422709428 1
3.599999999999227 0.3464101612986963 1
3.500000000000013 0.5196152422709668 1
3.399999999999864 0.3464101614781404 1
3.300000000000013 0.5196152422709932 1
3.199999999999975 0.3464101615080414 1
3.100000000000015 0.5196152422710224 1
2.999999999999999 0.3464101615131027 1
2.897338722014862 0.514809545664624 1
2.799556453669144 0.3456092120795481 1
2.696821251295534 0.5171443117031218 1
2.599396284160775 0.3458648481803926 1
2.499369589242731 0.515837610396813 1
2.399794312233911 0.3456896706462132 1
2.299963726115721 0.5177166014115409 1
2.594042584119432 0.6787020677736775 1
2.199959673058269 0.3459736395596143 1
2.099996676696092 0.5178119290962629 1
1.99999272495906 0.346036855659232 1
1.899999540193993 0.5178188074709371 1
1.799998710858843 0.3460485380716137 1
1.700000000000016 0.5196152422712141 1
1.599999785143144 0.3463498909404001 1
1.500000000000016 0.5196152422712433 1
1.399999964190527 0.3464001164185493 1
1.300000000000016 0.5196152422712733 1
1.199999994031758 0.3464084873315892 1
1.100000000000017 0.5196152422713032 1
0.9999999990052963 0.3464098824837808 1
0.9000000000000167 0.5196152422713334 1
0.7999999998342195 0.3464101150091611 1
0.7000000000000166 0.5196152422713634 1
0.5999999999723689 0.3464101537634275 1
0.4847846588660403 0.5185531927102242 1
0.3937628471129062 0.3298840597910331 1
0.3003347414565973 0.1697376209600721 1
3.499999999999844 0.1732050807151237 1
2.499865099399111 0.1729941133901656 1
4.899999958222272 0.1731933596142366 1
6.099825456304988 0.1729598507158284 1
5.5 0.8267949192431129 1
4.299999999806583 0.1732050264924262 1
5.1 0.8267949192431127 1
3.499999999999997 0.826794919243109 1
2.899926075611522 0.1730715891844574 1
8.899999999999997 0.8267949192431222 1
1.9 0.1732050807568871 1
2.1 0.8267949192431128 1
4.699999999999999 0.8267949192431129 1
4.3 0.8267949192431133 1
1.3 0.8267949192431117 1
0.8999999999999999 0.8267949192431124 1
0.6999999999677591 0.1732050717144898 1
1.499999958222277 0.1731933614788519 1
1.099999998839508 0.1732047552215953 1
0.510988677231147 0.8323870371787764 1
1.7 0.8267949192431118 1
9.300000000000002 0.8267949192431258 1
5.299999999999998 0.1732050807568828 1
5.699958997548696 0.1730103714262227 1
8.700001339870253 0.1731675144686439 1
7.100000000000003 0.8267949192431121 1
3.099838357751148 0.8308321358666539 1
3.899999999994626 0.1732050792496418 1
3.899999999999997 0.8267949192431168 1
7.199996792812508 0.3461007143811757 1
6.299896984995688 0.1730153970034357 1
6.899999999999988 0.1732050807568827 1
8.099838357751146 0.8308321358666217 1
4.69999998607409 0.1732011737093805 1
9.099999999999985 0.1732050807568843 1
8.300000000000013 0.1732050807568916 1
2.299936514115214 0.172977084058854 1
7.299999465468745 0.1731535062347884 1
8.400000828946883 0.3460470438948334 1
7.099999025999919 0.5177381655529814 1
3.299999999999946 0.173205080743062 1
6.999999818600386 0.3462342028466745 1
9.838382399514847 0.6939221002399355 1
9.81189963567366 0.3161392851942746 1
0.1590410458577746 0.6952066487841839 1
0.1876446688640244 0.316260425340281 1
9.685669144644972 0.6121668134136944 1
0.3137937833459296 0.6126455332806394 1
6.496705084399382 0.8369730534273067 1
6.704169938974422 0.8355304782650617 1
7.797748826360473 0.6777037964244974 1
5.899007097353255 0.8375150757177683 1
7.499026662218395 0.8375515122903787 1
6.19714666690995 0.6782437263382939 1
2.499007097353244 0.8375187048813104 1
2.797716940763883 0.6775579291133066 1
6.999999999999977 0.6732050807568785 1
8.200000000000044 0.6732050807568606 1
7.998763574491538 0.6751586369306326 1
7.200000000000021 0.6732050807568913 1
9.392970146652123 0.6749007903403076 1
9.200000000000076 0.6732050807568989 1
5.600000000000006 0.6732050807569235 1
5.400000000000022 0.6732050807569222 1
9.00000000000005 0.6732050807568914 1
8.399999999999984 0.6732050807569376 1
5.2 0.6732050807569485 1
8.800000000000001 0.6732050807569461 1
5.000000000000014 0.6732050807569497 1
4.800000000000004 0.6732050807569637 1
4.6 0.6732050807569775 1
8.600000000000108 0.6732050807569113 1
4.400000000000008 0.673205080756984 1
4.200000000000004 0.6732050807569989 1
4 0.6732050807570142 1
3.800000000000008 0.6732050807570213 1
3.60000000000001 0.6732050807570311 1
3.400000000000017 0.6732050807570404 1
3.200000000000037 0.6732050807570477 1
2.998832184613902 0.675177005977823 1
2.2 0.6732050807571383 1
1.999999999999999 0.6732050807571537 1
1.800000000000038 0.6732050807571436 1
1.600000000000012 0.6732050807571706 1
1.400000000000014 0.6732050807571831 1
1.200000000000021 0.6732050807571948 1
1.000000000000009 0.6732050807572164 1
0.8000000000000136 0.6732050807572284 1
0.6079700512027516 0.6761299583093872 1
6.800000000000042 0.6731707756838171 1
6.397644652892333 0.6767951442507165 1
7.399999999999969 0.673170775683821 1
6.097478965402075 0.8390518070454049 1
7.698172424840462 0.8381993871895925 1
5.800000000000041 0.6731707756838292 1
2.698144284898338 0.8381368006604297 1
2.400000000000035 0.6731707756840295 1
0.1464101615137755 0.8535898384862246 1
9.853589838486233 0.853589838486248 1
9.853589838486229 0.1464101615137544 1
0.1464101615137474 0.1464101615137474 1
0.4505469402632408 0.6870933050997023 1
9.547953028880691 0.6862242776956796 1
9.68975022421475 0.458123229621876 1
0.3102497757850858 0.4581232296221679 1
3 1 0 450
1285
1286
1287
1288
1289
1290
1291
1292
1293
1294
1295
1296
1297
1298
1299
1300
1301
1302
1303
1304
1305
1306
1307
1308
1309
1310
1311
1312
1313
1314
1315
1316
1317
1318
1319
1320
1321
1322
1323
1324
1325
1326
1327
1328
1329
1330
1331
1332
1333
1334
1335
1336
1337
1338
1339
1340
1341
1342
1343
1344
1345
1346
1347
1348
1349
1350
1351
1352
1353
1354
1355
1356
1357
1358
1359
1360
1361
1362
1363
1364
1365
1366
1367
1368
1369
1370
1371
1372
1373
1374
1375
1376
1377
1378
1379
1380
1381
1382
1383
1384
1385
1386
1387
1388
1389
1390
1391
1392
1393
1394
1395
1396
1397
1398
1399
1400
1401
1402
1403
1404
1405
1406
1407
1408
1409
1410
1411
1412
1413
1414
1415
1416
1417
1418
1419
1420
1421
1422
1423
1424
1425
1426
1427
1428
1429
1430
1431
1432
1433
1434
1435
1436
1437
1438
1439
1440
1441
1442
1443
1444
1445
1446
1447
1448
1449
1450
1451
1452
1453
1454
1455
1456
1457
1458
1459
1460
1461
1462
1463
1464
1465
1466
1467
1468
1469
1470
1471
1472
1473
1474
1475
1476
1477
1478
1479
1480
1481
1482
1483
1484
1485
1486
1487
1488
1489
1490
1491
1492
1493
1494
1495
1496
1497
1498
1499
1500
1501
1502
1503
1504
1505
1506
1507
1508
1509
1510
1511
1512
1513
1514
1515
1516
1517
1518
1519
1520
1521
1522
1523
1524
1525
1526
1527
1528
1529
1530
1531
1532
1533
1534
1535
1536
1537
1538
1539
1540
1541
1542
1543
1544
1545
1546
1547
1548
1549
1550
1551
1552
1553
1554
1555
1556
1557
1558
1559
1560
1561
1562
1563
1564
1565
1566
1567
1568
1569
1570
1571
1572
1573
1574
1575
1576
1577
1578
1579
1580
1581
1582
1583
1584
1585
1586
1587
1588
1589
1590
1591
1592
1593
1594
1595
1596
1597
1598
1599
1600
1601
1602
1603
1604
1605
1606
1607
1608
1609
1610
1611
1612
1613
1614
1615
1616
1617
1618
1619
1620
1621
1622
1623
1624
1625
1626
1627
1628
1629
1630
1631
1632
1633
1634
1635
1636
1637
1638
1639
1640
1641
1642
1643
1644
1645
1646
1647
1648
1649
1650
1651
1652
1653
1654
1655
1656
1657
1658
1659
1660
1661
1662
1663
1664
1665
1666
1667
1668
1669
1670
1671
1672
1673
1674
1675
1676
1677
1678
1679
1680
1681
1682
1683
1684
1685
1686
1687
1688
1689
1690
1691
1692
1693
1694
1695
1696
1697
1698
1699
1700
1701
1702
1703
1704
1705
1706
1707
1708
1709
1710
1711
1712
1713
1714
1715
1716
1717
1718
1719
1720
1721
1722
1723
1724
1725
1726
1727
1728
1729
1730
1731
1732
1733
1734
5.799299901610172 0.4782931677027749 0.4780030293946491
3.199506491735876 0.5 0.4999384792059499
5.199507705678027 0.5 0.5000660402799105
7.399626644642702 0.5 0.4999317664981837
7.999627445767465 0.5 0.5000633896028652
2.40000000000004 0.499869701500196 0.4998697015002409
4.39819851640948 0.4999779998627113 0.5000342429960973
1.600304669818216 0.4994602907843122 0.5002029653917025
1.000000000000014 0.4992798576469741 0.5000379194470128
6.800164652324646 0.4998957387119128 0.5000396808299973
8.799999775880099 0.5002737524131908 0.5002737524131915
3.80000000000001 0.499900102013284 0.5001783321155603
6.299912259403038 0.5 0.4999574414232006
9.409515731865566 0.4999999999999952 0.5
0.4998003392208286 0.4996284287369902 0.4996279325511042
8.399759835528489 0.5890556370972362 0.5890556370972428
4.798847150564775 0.5890529394682875 0.5886353081334876
2.799746974527881 0.5860755840529539 0.4096127502383805
2.000143405179528 0.5895600204020093 0.5890436454761612
5.510563138100737 0.6419183142909164 0.6421002883757538
9.10462695930889 0.3541056462221328 0.3549510434834133
9.104888558693521 0.6457568259971848 0.6457568259971975
1.300066892536081 0.6479050068607659 0.6485084060068687
7.699594615519595 0.3512908329775076 0.6478275302499922
3.499837212855572 0.6477105779283499 0.3513812356309791
7.099894738632704 0.3517804421171966 0.3517797567373727
1.30023741639524 0.3519458266754478 0.3518308617287664
7.099896547736754 0.6486329402666158 0.648632940266641
4.100000000682807 0.3504323510793792 0.6487401078030088
3.499669539429578 0.3514592856894788 0.6477791249737481
7.699659471580781 0.6481158527159405 0.3521827134546151
4.099044370891439 0.6486324660988676 0.352623866925056
1.899875121439416 0.3451614376060451 0.345289754851744
8.298453052988791 0.3454024161912908 0.3454024161912947
2.900000000000039 0.3443243098992942 0.6553441020757926
4.68559549258249 0.3483551263748293 0.3478069891301742
5.489182018337388 0.3484971219063993 0.3495298775477205
9.631546142785872 0.6765966279538284 0.6765966279538119
6.034961779957644 0.6564631101086221 0.6574751167663236
0.7498803746476306 0.6631953739510591 0.6631964228024874
6.550031292042939 0.3367051745186324 0.3366197673211094
0.7499205208469988 0.3364925986517824 0.336453643607021
9.67253813737257 0.3764379711204969 0.3274796233896082
6.550045609810589 0.6631829690385245 0.6634277892617377
0.7310117147143321 0.3283376653032929 0.6721585235273616
6.063444684221364 0.3303981757353349 0.3303856459818947
9.658675822051913 0.3380924404612529 0.6648181671099329
0.7310716960981439 0.6720684340914492 0.3283392959553498
6.531701058951916 0.671742447195554 0.3283998021581002
6.074123937288752 0.6746529299833028 0.3259844251374168
6.530798584603263 0.3285349008192247 0.6723849107121171
6.075593027707829 0.3253738926582411 0.6753961376110598
7.700029307826799 0.3164091741029373 0.316466169405112
3.499492416659717 0.3164168311555525 0.3165025261672655
0.3556335789022523 0.6986148516947623 0.6986137070737007
7.100000000000053 0.3174691170215164 0.6836510906530215
1.301244404200507 0.6831679443308105 0.3173714308226055
7.100000000000009 0.6836802855858213 0.3174725237125256
1.299998777460568 0.3176941626110769 0.6845425586187351
4.100000000000002 0.6808539679350551 0.6832780282926306
9.099998217918724 0.6835775364869539 0.3161780404015996
3.498549087869564 0.6824090048819148 0.6823131481153508
7.697024684713576 0.6820148335785736 0.6830438222863261
4.097782023968975 0.3172707614966947 0.3171433168237401
9.100857704530853 0.3161407500221241 0.6846822238387811
5.499966200520879 0.3151024416961978 0.6869772560668004
1.819614592227374 0.6726034913634131 0.3274449837350826
4.618020111788387 0.6725513852165221 0.3274485639103482
8.219423592805224 0.3277605183555272 0.6727701995080169
2.978327052154757 0.6719755969834301 0.6719136027179888
4.97938490202576 0.3278306912605107 0.6726944194622815
2.1800166444253 0.3278139020425456 0.6726866070114675
2.180482364883766 0.6728635227032917 0.3277272192596126
2.98199049308502 0.3266531681217555 0.3266263242765025
5.499422307715949 0.6864980903830735 0.3147752157105409
4.979740278528084 0.6726912247909065 0.3275582383511932
2.617597831738142 0.3266339174880145 0.3266135027065355
8.580165079656513 0.3277289477405985 0.6727239687653037
2.621215428699966 0.6717506867574604 0.6722624381405224
4.618348918631729 0.3277799323015672 0.6725771499608996
1.820637684923444 0.3275844831772571 0.6727490407461354
8.580097447953595 0.6726313741903348 0.3275166500637658
8.219467347810118 0.6726193393706515 0.3274689999769293
9.591011507031078 0.6830588333059979 0.3145872002754732
5.003952929421675 0.3197641777880512 0.3206839409848217
2.215534676948432 0.3164762925836258 0.316475426169976
2.584451393339639 0.3174060509557649 0.6836700717789026
8.614533270664209 0.3172461752089419 0.3169354681759632
0.2996499842687756 0.359880689510429 0.2996767138247224
0.3593602367288293 0.6917171952324226 0.2981346028206061
0.3593519575412278 0.2981391424474423 0.6917253607264806
3.09979950041547 0.7099074175202933 0.2926700998257639
2.499918609209403 0.7099011794356044 0.2926896705540897
8.700000000000042 0.7081295929476791 0.708129592947658
2.300000000000013 0.7078789705492972 0.7078826122177679
8.100000000000001 0.7079245350697936 0.7079245350698095
5.100000000000008 0.7080574288065697 0.708052484320949
4.500000000000005 0.7068639719892523 0.7079818161034606
1.700000000000029 0.7070645675060014 0.708192240714123
7.383431998710646 0.2906575978219204 0.2907145910546991
8.012469887647562 0.2907082081370943 0.2907996688741856
1.583537974896156 0.2906217672834747 0.2907987871064359
3.793222554583778 0.2907059152928009 0.2909316518321243
3.216782124255196 0.2927456835952322 0.7098828886280818
7.416670657608933 0.2927474760868259 0.7098848405748612
4.390626381988966 0.2901516649264178 0.2926485409434365
3.816873054585026 0.2927158951246639 0.7100326578545075
7.382343709987834 0.7079480722308622 0.7079517211532004
7.417042157504224 0.7100564087618754 0.2931217559926967
3.790481836468213 0.7078365708989613 0.7080359321902636
3.782828049049007 0.7097620913995543 0.2927218340193781
9.386215034357139 0.2933265325242967 0.2905248639687159
5.789008974256327 0.2886777351017433 0.7142993231414148
5.788108414297942 0.7147793135827243 0.288063104807665
1.014699521310019 0.7164387079617734 0.2863191197414757
1.028631523418184 0.2807261766857725 0.2808109949205522
6.828463545301965 0.2805010679176483 0.2806186043664132
6.813914719575154 0.2862763002465986 0.7169506422242929
6.814300946516546 0.7173744507475082 0.2856775842490427
1.013975934798143 0.2863198029705784 0.7170764635134514
5.758434390120815 0.2764994323473218 0.2764233399586468
6.828198844393773 0.7163708432896673 0.7165279869172212
1.028272923640227 0.7161982765937308 0.716302604136662
9.383308101146312 0.2787585503179477 0.720756990350658
5.768538135923404 0.7233515542550865 0.7237121045352728
4.351427827042731 0.7353117478561224 0.2645733187542925
7.952726884720926 0.734931581739993 0.2699617344779704
7.952734699345653 0.2690529246074299 0.735001612353271
6.290580144902479 0.7376935562660459 0.7389893878397376
9.360549534563154 0.7266491568646645 0.726649156864668
4.352703051060515 0.2700485482413521 0.7357571291605322
3.238195186142192 0.2569122461170041 0.2567469843768393
1.562970756073985 0.7421069639580076 0.2589896710145588
5.236550825947924 0.2628439405131024 0.7414839667962337
8.837706331683179 0.2606303498083681 0.7414351259482798
5.236441637107465 0.7419295144559106 0.2608544018656099
3.236062734516657 0.7364709897426389 0.7364643473438804
8.83746689898285 0.7413458790833859 0.2645582524135879
1.562828206263454 0.2649406721076205 0.7410642005696967
8.871705522477372 0.2564449426334263 0.2564449426334343
6.306895347203997 0.2468490950796618 0.4089366329900472
5.256251456089783 0.2540817206618393 0.2519441230378577
9.345866163903532 0.744319754605949 0.4070084802772654
6.302882612471589 0.7525269882388064 0.4284440292829719
0.5114349445082789 0.2457956598875379 0.4164018465389969
5.305000079374532 0.7387432933385614 0.5130135312535469
4.294825201902276 0.7389605522094738 0.5194423140316711
2.400000000000037 0.2389403878186343 0.4846330606296989
7.89710765806885 0.7389008042965879 0.5251129190483916
5.303871410349427 0.5151123735228803 0.738933703503704
3.288161047917806 0.7434704451923242 0.4699550284787289
2.414908084090975 0.4673397075279685 0.2412396706056569
6.302998724087122 0.4299364998527484 0.7522022633901204
2.383746960236655 0.4661532570571832 0.7584891566583472
8.901532731885673 0.5130425673867326 0.7396830731249671
4.300434727337988 0.524899711746578 0.7398656906958985
3.299222600744951 0.5097308375582555 0.2599101485375722
7.897332747931067 0.5241785290267814 0.7390743325092807
8.899466064019293 0.7399552381819445 0.5171015168349704
1.501437161872557 0.7398525506988968 0.5117858754255206
1.504666550110467 0.5177427372403731 0.7406420279873622
6.333635868783573 0.4483187069091141 0.248467642245531
9.384516478681663 0.5461861949005231 0.2492241769235709
5.175310388791633 0.2430884972185823 0.4941283119205811
0.5616834981605928 0.4921744623833933 0.2471041387116423
5.173463042485452 0.4952282873459512 0.2464226267049803
0.561292355514899 0.7519183929663149 0.5080659023083581
0.5612553750415901 0.5081182738936668 0.7519202579749878
2.807271644103988 0.7710808473319261 0.2348985695962922
0.2495487372662831 0.4995341760553419 0.5696243290341775
8.782465602524168 0.247043532548967 0.4939749749667135
8.927387970157653 0.5041745032940855 0.2522183152737835
8.424283133427435 0.7667438593764003 0.7667438593764005
4.825052710458181 0.7662427995157559 0.7666058415186394
7.873108615603043 0.4966563117361095 0.2497157728363395
7.87346842472839 0.2494196842210772 0.4967395874127737
2.024582751445141 0.7665487826575109 0.7670189687139103
7.531026923108755 0.4901243096928364 0.2485942079422625
7.531068897228323 0.2480744329218594 0.4901280233664826
3.331025571420443 0.2481833978849614 0.4903147010830649
7.269381636683692 0.2493396602933733 0.5108725524213009
3.920673458852926 0.5037006379287203 0.2505445593845221
1.468992294344212 0.5097715813296136 0.2487330594793619
5.657951729615549 0.5043843964443903 0.2469530679325813
1.466778276690489 0.2490813700834943 0.5094005399638727
7.269671602308755 0.511065457841124 0.2492178463568002
7.267988771676954 0.7533515302178205 0.4897457468328324
7.268073721536686 0.4896873960875143 0.7531546810687266
3.921502883308244 0.7505628997457064 0.4980874105360699
4.798493540951138 0.5338940221549127 0.2240170295624294
2.799794927003549 0.2220948341975265 0.4618621030170617
9.750019363179819 0.5677904761004567 0.4780569980495399
5.65837560179803 0.2474059378389467 0.5043938510413946
7.529861860176965 0.7523780388404682 0.5116451705312244
7.529049465136637 0.5112603179153995 0.752424939589509
3.33489544221721 0.5080900241756497 0.7533041812076774
3.933434697661609 0.2467659724051433 0.4934526422340195
3.933662554354434 0.508752335846822 0.7531766523663496
3.675058687315822 0.492315594936039 0.7539980303280613
4.268701151243508 0.5016540038450217 0.2458303706715719
0.2407339388065248 0.769699538276878 0.4960038884280177
1.134144341972053 0.2454745143611274 0.5032222584351316
6.933534447583936 0.5030046958694565 0.2459133766826771
3.678184602625821 0.2483378519359954 0.5078492503072659
4.798926227127561 0.2271346857799176 0.5335922786989491
3.66495882280804 0.4973848815624398 0.2441929781343719
6.933705163861513 0.2456587550112472 0.5030356868841979
1.134080254806628 0.5026573611501741 0.2455610334530224
5.334109435566904 0.7668898821066361 0.7623720655711236
4.270501802436388 0.2452120579976278 0.5039620198184968
6.93633416214641 0.4975338225079656 0.7562183188988781
1.13683295336849 0.7566193102266083 0.497692215964129
1.136274612688391 0.4975009801027607 0.7564796176363838
5.905226673997109 0.5009666780924089 0.2465393741235301
2.000225651818957 0.5372925965992316 0.2258368990686016
8.399800384530776 0.5369352615902725 0.2256352735436124
0.2398659608142632 0.2284878127133701 0.493520177324458
6.936174009984559 0.7562226423909676 0.4974873505066136
2.00036874667806 0.2256221131944382 0.5369785387461168
5.905354558468177 0.2463492659604285 0.5005554086839
8.399768101527753 0.2265321480318739 0.5371532802405067
3.661882248059483 0.7559775744455018 0.5028970407118065
2.799956804141472 0.5358291052100262 0.774346882262601
5.673603987436159 0.5002331912084194 0.7572661629031466
5.673876927456846 0.7567436036374174 0.5004542616839024
9.270906281992072 0.4971648143792193 0.7545500503734391
8.92981762312778 0.7657893057095065 0.7657893057095064
2.349845936578819 0.7654406450769733 0.4764315986437109
2.421456603655626 0.2245501308129857 0.2247914830428019
0.8912268668481215 0.2428529670530786 0.5106221439459677
9.269713974995799 0.2446947819213337 0.5034635232992379
2.377204530643596 0.2233051290930861 0.7692743432741113
0.891218431939232 0.5105785440646955 0.242743821501308
0.8941523711919601 0.7584127992049764 0.4927839660192336
6.691031918094295 0.5102283056123845 0.2423824541755707
0.8937007481547962 0.4928427226176518 0.7589328946060169
6.693909033512536 0.4928077335533363 0.7586851168335731
6.690881472383097 0.2428517171329837 0.5109367385463086
2.79958409519333 0.7820561267690195 0.5515492032766856
6.693474875588634 0.7583188458595816 0.492219661195181
3.326658621929703 0.7673540035487972 0.2326459964510616
1.473232066022614 0.7704962793380686 0.7657481975191989
2.799803970878978 0.2151938732980865 0.2151938732978821
8.400000000000007 0.2142352903745679 0.7849424105725737
4.798870918665253 0.7847066808802878 0.2151848283244864
9.75229999305494 0.2195990607863972 0.484062771168038
9.511901949440567 0.2497665287717337 0.4932333245661473
4.798846562617127 0.2143416063916492 0.7843916588521112
2.000271129009154 0.4449388604310174 0.7809758438944894
8.39976340597196 0.7805795076924712 0.4439636647629549
1.999880118446809 0.7804976076419703 0.4435661647277375
9.77571661383409 0.5639148968611573 0.2233846471936342
4.787709003643653 0.453715857958217 0.7860859710298114
1.729809336572627 0.2331642716384421 0.4719143710021165
8.388809002593764 0.4534934153537753 0.7862212719629079
4.81164929919079 0.7867609896294896 0.4542394439131262
0.5696408185551194 0.7748732536077167 0.7748732536077005
1.729477663027926 0.4714466961211212 0.2353444449093018
3.071551102662752 0.2367781893772288 0.5288555931089863
3.06875851987071 0.4719189707969946 0.7674542056806223
2.815300022980674 0.453046742965203 0.2125369922286232
6.297883849350594 0.2161737926102124 0.6456771544640542
9.772690968971684 0.5140067491566686 0.7730990829713454
5.919891725395562 0.4797105612005614 0.7663217281836781
5.917963610875379 0.765453869848554 0.481075925871114
2.800000000000001 0.7879771016414395 0.7889347011892616
4.526082864190075 0.2312975550316955 0.4773613445106587
4.522892941032464 0.4771380948763323 0.2350078696379506
1.993858181455709 0.7768857280645272 0.2081636649979924
1.998031907363276 0.2088268144134275 0.7880454552893777
8.142977574525155 0.2265325419744438 0.4751618112762553
8.142863872629039 0.474983090114289 0.226890619640886
8.387838858435796 0.7857234913869726 0.2098590969043959
9.508254305319547 0.4931424006787287 0.7636400761066771
6.030447521802897 0.4792128660998929 0.5064703795467779
4.823993854761296 0.2166243337975684 0.2141264509763353
9.78656758676232 0.7908780877144478 0.4178808221698834
2.170025874978944 0.467710779602995 0.4871809550837219
8.570307550405053 0.4680862035562416 0.4879277270725433
0.7682150009020136 0.4899735972670061 0.5096964640546446
6.568457224953133 0.490018384635598 0.5099386289507395
9.579898353302086 0.2020614164433657 0.2162775561896673
2.629372996684939 0.4871274355523467 0.5320555398188254
0.6000084595485974 0.2196554848144464 0.2038412455577854
4.289713304836946 0.7775818440144651 0.7740408034170116
7.888439711781569 0.7738650535773555 0.7764652194126186
0.2254732602817827 0.4523355961003112 0.7899393360077059
0.5579955487431223 0.7812006452712187 0.2205678617623382
0.5579394774807435 0.2205503790508047 0.7812150352409791
6.301792205395764 0.6750891198203666 0.2094360588324804
4.971122030258909 0.4919587897705761 0.4702912965163534
3.616117065775447 0.2104921067843432 0.7883932237837803
6.399999999999998 0.2292419921644874 0.1993799376863745
5.401684722267334 0.2086571029798165 0.5090356131249519
3.983187626352896 0.7887989824737069 0.2114800231660972
8.435803911731966 0.2157552995037483 0.2157552995037471
9.008333237235595 0.2092180157028722 0.5042408270076775
2.036719439180862 0.2156449675341884 0.2156454436655093
2.762372930405374 0.2155956486931305 0.7844043513068368
9.193165066811272 0.2053535692574454 0.2060046981822623
5.400330722736074 0.5076572729102952 0.2087637211138551
7.608499287465851 0.7937553131493663 0.2029428004944557
7.023515398771861 0.5316227056067622 0.4687908721029835
4.593256225804747 0.7935331395007486 0.5189745192826737
3.576860320323233 0.4678768989992015 0.4679314498423332
1.223154423124339 0.5317142350025916 0.4684135312717898
7.622732435535704 0.4677887926334452 0.4679463014706767
4.023478851283987 0.4687745209230057 0.4699530535611176
9.187610892689623 0.4646167593289974 0.5356965417496545
5.005530358415632 0.519240459425597 0.7929678231821349
8.606426958918892 0.519003844334514 0.7927931506587177
5.421412177052265 0.5332055187125755 0.4634406924576184
7.607841830402516 0.2049531097596755 0.795046890240323
8.701120994723798 0.5078191745885132 0.2274473254593342
3.59161257879947 0.794983109222514 0.2051558514664371
1.391688308568282 0.2050687756316858 0.205068775631485
7.19160301344398 0.2050680429779119 0.2050680429779093
1.779116628589559 0.2093966034169929 0.2094589978818827
7.192032488301265 0.7951607389646862 0.7951607389646849
4.007425335806088 0.2045332034604601 0.7954667965395189
3.022087014976854 0.209569745619358 0.7904302543806014
8.200123686857808 0.201216329687346 0.201216329687345
1.786014496745773 0.7919643762707207 0.5168080782425273
3.015149192423496 0.7931983036415481 0.4848598165166817
8.613338783034752 0.7913682325449398 0.5168187018501444
9.791980219721372 0.778899722424313 0.7968165918647847
2.583842971452678 0.7930085988433112 0.4853082386465679
8.186250946203632 0.7913427300028082 0.5166444082091866
4.599360068909243 0.2006714766376571 0.2006714766376074
1.786508429750807 0.5161961016476578 0.7916935975015387
5.084931286145769 0.7774750705956175 0.495467405537093
0.21402693030618 0.5461804351040589 0.2133683897461547
1.82311817722334 0.5076747648863021 0.4789427509174745
2.976715417867841 0.5063737930139723 0.5212366471262208
8.222370403765282 0.508000314795697 0.4791523856083726
3.079069670456188 0.4987575881314637 0.2217456502720371
9.397007977717685 0.8015937505780742 0.1984062494219341
9.783344670805654 0.2048207093822306 0.795179290617771
4.572531946779307 0.5122502149427317 0.7892342030076045
8.115910817193317 0.4959760515262341 0.7780172573164534
4.619421846420558 0.4821026886366281 0.5125772985881148
3.394977372977201 0.1966979241741948 0.8008148477505982
5.569682040823134 0.7950347642119493 0.7916069832266762
1.220647129506139 0.7953015803502789 0.7947449052841372
2.616395333833648 0.5467213956156161 0.2018131157450824
9.171663960657945 0.5048607209308996 0.2084835066697442
6.182956483994215 0.2006596765955514 0.2007264723189353
9.798193301681353 0.197402060445323 0.2216920381014371
9.798378434884231 0.7806212807935933 0.199215136740365
9.164406415612921 0.7941543492564046 0.7941543492564046
5.565737500218808 0.2049844856716079 0.2049844856715648
5.99848027184596 0.8076433691240364 0.8091781913014258
9.539782525211161 0.781022585663705 0.5054038641034526
2.188895092295579 0.5490097755415886 0.8048044027265977
9.005594423745549 0.5584646978837149 0.465506010098183
2.482769516519221 0.7878460200243483 0.7904935414968648
5.599937300636214 0.4573808401955013 0.5586943648267857
2.591548124442203 0.4935915248597883 0.8069032887446794
9.1544376447146 0.7919950834266689 0.4948074080187144
0.8006796626591226 0.8110909145088807 0.8103061076704756
0.3871538146382926 0.1945902757782001 0.1945905661541418
6.127415267567142 0.499234119951501 0.2129995860357499
7.556053906560806 0.7952763788648975 0.7978855248298462
2.207235722036688 0.4911329671781786 0.1916642821374507
2.317913921602687 0.7890814390282266 0.2102987305926431
7.242412665489754 0.7953855519927557 0.2022800935620159
7.242187669046276 0.2037946402632803 0.7962142975202797
3.399395404058531 0.5705411343119535 0.5292045074960985
0.1964226079604809 0.7778830314350468 0.1922364882811899
7.5580113407002 0.203482152675881 0.203482152675877
3.962440952347882 0.7982433557709955 0.7974540535801736
6.1169321048007 0.2118894999224955 0.4995321769604321
7.839617644291817 0.202432582343699 0.2024325823437004
0.1962058382604293 0.1923766556955981 0.7778657442910187
6.164984417301864 0.8072858785697301 0.5814673267114909
1.400424986790112 0.4614739411058659 0.5635216561771382
6.609647870229607 0.1920439881145342 0.1920199937189827
2.146732138257061 0.8063108802891287 0.596434483578719
0.8107437393317821 0.1922606359908111 0.1922606359907438
6.164379036368498 0.5811805606876221 0.8086837648957289
5.945676064446379 0.2051984199992091 0.2051984199991715
6.597739977559288 0.8112238489320652 0.811926486102081
3.963436479571628 0.2014020536504156 0.1996244833152758
7.799735800457098 0.5517155267488342 0.5502822997926065
9.565761927069783 0.2007699998940239 0.7989854511463566
6.601317948881526 0.8125140153650042 0.1856753600874834
0.8005220993839961 0.1861654910413502 0.8132316405188436
7.200423560304743 0.4533159077353269 0.5555349505755157
0.1947088953851247 0.7777463647510403 0.8093688230310047
3.625670349120376 0.8029815519047051 0.8024304188080815
0.7999999999999999 0.8136163122187033 0.1864229045601554
1.181027764818567 0.191380851830525 0.8054782258941888
4.225330545178687 0.1973560424818006 0.1970040229049949
3.62782011131503 0.1974612604485718 0.1974612604484626
6.599999999999999 0.1865946190337964 0.8136712097946215
5.999982684233497 0.8142573341376446 0.185742665862339
5.999928017149116 0.1855406895070595 0.8143761918562713
6.999999999999988 0.1854738065172899 0.8145261934827026
7.000000000000004 0.8145335119469107 0.1854664880530858
4.200034634103392 0.5460496593007149 0.5556047290822516
2.600678106452501 0.1857195212580683 0.5200943474556248
1.199888874001414 0.8141849490532893 0.1859433681970091
5.62350582185146 0.8049637894372639 0.1929213179560188
9.19999999999998 0.184613416688272 0.8153865833117352
2.197479414381445 0.1817784564879721 0.4773053660011635
5.624791413549653 0.1944744305014621 0.8051182861943356
6.426837251507074 0.8145064473731134 0.5860937669043735
8.275223805212947 0.627113869411734 0.810636016497231
9.525404833017818 0.4059925745505479 0.1798476585540734
6.485539854320583 0.2078408870642173 0.5087378024966293
6.421032389261494 0.5916351216559883 0.8109690300294718
6.397914616458759 0.232021322482977 0.8268347304348047
8.600002019882446 0.8179945186697799 0.180373360405969
5.000743244068117 0.1817750994509945 0.8182249005489998
4.597015684102025 0.1808548544530479 0.817090887043573
6.985855194639214 0.8121156618055421 0.8116350516586739
8.198285630782992 0.1819203185193627 0.8180796814806309
8.601739324711611 0.181949988080468 0.8180526727928374
1.795102342089807 0.1812319794902902 0.8165698076162458
9.191163771338704 0.8148740224659106 0.1851259775340941
4.597583690357651 0.8179955320228132 0.1820044679771718
3.00076638380947 0.1811195792123655 0.181105068119861
3.003028024848338 0.8172492611708776 0.8174283883899987
4.999980697971321 0.8196254182083076 0.1838724987798231
1.186779025715879 0.1867972082637235 0.1869052135895267
3.410601341740395 0.8145528668440246 0.8143143892824374
6.986761665191886 0.1868444965537545 0.1868395870872677
1.793531167587778 0.8170085589348595 0.1830987490300176
0.611347969153386 0.1849915102881647 0.585701928751767
1.387914719552248 0.1823429483535904 0.813366167011445
8.58890093420297 0.1795421833842826 0.4687301010899552
9.533528049844199 0.8030863980849307 0.8030863980849241
8.186739403893544 0.8146815225815599 0.1835233610792813
5.410214839971469 0.1837619462175514 0.8161219103820461
5.410885242987002 0.8157275534246021 0.1826823429496853
0.1827848845456872 0.2124869436967364 0.2152332296112681
6.194454651672368 0.2467927197159023 0.8214775017668353
3.415173897449221 0.1851701785184873 0.1851020207659001
8.925927011154407 0.3715899955177951 0.5953067189351786
4.984475646598155 0.1778286906027355 0.4654987990777833
4.182559675334556 0.8153017537204582 0.1858848982744732
4.984110846211927 0.4654337766049469 0.1816925306045551
5.334341093074541 0.3804205769016173 0.5914320309752972
8.999348800898314 0.1751349987765515 0.8251509828944884
2.923918218291709 0.6181626101422282 0.1774162303271909
1.400000000000002 0.8261041453494202 0.1774845292909922
9.82381366436146 0.6891675675583182 0.6200055244656622
4.14614408390888 0.4307864650923868 0.8264109474266088
7.74416111852121 0.4295484372289571 0.826639031756554
7.744694514170603 0.8268453360851236 0.4299495782204436
$EndNodes
$Elements
3 7087 1 7087
2 1 2 66
1 12 1 257 
2 1 13 257 
3 2 9 258 
4 21 2 258 
5 16 3 255 
6 3 20 255 
7 17 4 256 
8 4 24 256 
9 9 10 246 
10 9 246 258 
11 10 11 237 
12 10 237 246 
13 11 12 241 
14 237 11 241 
15 241 12 257 
16 13 14 248 
17 13 248 257 
18 14 15 239 
19 14 239 248 
20 15 16 247 
21 239 15 247 
22 247 16 255 
23 18 17 251 
24 251 17 256 
25 19 18 238 
26 238 18 251 
27 20 19 250 
28 19 238 250 
29 20 250 255 
30 22 21 249 
31 249 21 258 
32 23 22 240 
33 240 22 249 
34 24 23 245 
35 23 240 245 
36 24 245 256 
37 237 241 242 
38 237 242 243 
39 237 243 246 
40 250 238 254 
41 238 251 254 
42 239 247 253 
43 248 239 260 
44 239 253 260 
45 245 240 252 
46 240 249 259 
47 252 240 259 
48 242 241 248 
49 248 241 257 
50 243 242 244 
51 244 242 260 
52 242 248 260 
53 243 244 259 
54 246 243 249 
55 249 243 259 
56 252 244 254 
57 244 252 259 
58 244 253 254 
59 253 244 260 
60 251 245 252 
61 245 251 256 
62 246 249 258 
63 247 250 253 
64 250 247 255 
65 253 250 254 
66 251 252 254 
2 5 2 608
67 2 21 1028 
68 41 2 1028 
69 24 4 1027 
70 4 139 1027 
71 37 6 1030 
72 6 89 1030 
73 8 40 1029 
74 187 8 1029 
75 21 22 970 
76 21 970 1028 
77 22 23 797 
78 22 797 970 
79 23 24 969 
80 797 23 969 
81 969 24 1027 
82 38 37 968 
83 968 37 1030 
84 39 38 825 
85 825 38 968 
86 40 39 967 
87 39 825 967 
88 40 967 1029 
89 42 41 935 
90 935 41 1028 
91 43 42 826 
92 826 42 935 
93 44 43 938 
94 43 826 938 
95 45 44 815 
96 815 44 938 
97 46 45 940 
98 45 815 940 
99 47 46 817 
100 817 46 940 
101 48 47 922 
102 47 817 922 
103 49 48 947 
104 48 922 947 
105 50 49 801 
106 801 49 947 
107 51 50 905 
108 50 801 905 
109 52 51 793 
110 793 51 905 
111 53 52 918 
112 52 793 918 
113 54 53 796 
114 796 53 918 
115 55 54 917 
116 54 796 917 
117 56 55 816 
118 816 55 917 
119 57 56 956 
120 56 816 956 
121 58 57 895 
122 895 57 956 
123 59 58 795 
124 795 58 895 
125 60 59 957 
126 59 795 957 
127 61 60 824 
128 824 60 957 
129 62 61 921 
130 61 824 921 
131 63 62 786 
132 786 62 921 
133 64 63 978 
134 63 786 978 
135 65 64 1019 
136 64 978 1019 
137 66 65 818 
138 818 65 1019 
139 67 66 951 
140 66 818 951 
141 68 67 787 
142 787 67 951 
143 69 68 880 
144 68 787 880 
145 70 69 872 
146 872 69 880 
147 71 70 813 
148 813 70 872 
149 72 71 960 
150 71 813 960 
151 73 72 788 
152 788 72 960 
153 74 73 862 
154 73 788 862 
155 75 74 963 
156 74 862 963 
157 76 75 819 
158 819 75 963 
159 77 76 856 
160 76 819 856 
161 78 77 789 
162 789 77 856 
163 79 78 950 
164 78 789 950 
165 80 79 823 
166 823 79 950 
167 81 80 961 
168 80 823 961 
169 82 81 785 
170 785 81 961 
171 83 82 828 
172 82 785 828 
173 84 83 964 
174 83 828 964 
175 85 84 790 
176 790 84 964 
177 86 85 966 
178 85 790 966 
179 87 86 855 
180 855 86 966 
181 88 87 791 
182 791 87 855 
183 89 88 846 
184 88 791 846 
185 89 846 1030 
186 139 140 827 
187 139 827 1027 
188 140 141 941 
189 827 140 941 
190 141 142 798 
191 141 798 941 
192 142 143 937 
193 798 142 937 
194 143 144 799 
195 143 799 937 
196 144 145 936 
197 799 144 936 
198 145 146 800 
199 145 800 936 
200 146 147 942 
201 800 146 942 
202 147 148 939 
203 147 939 942 
204 148 149 812 
205 148 812 939 
206 149 150 920 
207 812 149 920 
208 150 151 811 
209 150 811 920 
210 151 152 919 
211 811 151 919 
212 152 153 814 
213 152 814 919 
214 153 154 955 
215 814 153 955 
216 154 155 794 
217 154 794 955 
218 155 156 903 
219 794 155 903 
220 156 157 822 
221 156 822 903 
222 157 158 958 
223 822 157 958 
224 158 159 805 
225 158 805 958 
226 159 160 946 
227 805 159 946 
228 160 161 820 
229 160 820 946 
230 161 162 904 
231 820 161 904 
232 162 163 802 
233 162 802 904 
234 163 164 882 
235 802 163 882 
236 164 165 809 
237 164 809 882 
238 165 166 1018 
239 809 165 1018 
240 166 167 985 
241 166 985 1018 
242 167 168 803 
243 167 803 985 
244 168 169 881 
245 803 168 881 
246 169 170 810 
247 169 810 881 
248 170 171 1013 
249 810 170 1013 
250 171 172 973 
251 171 973 1013 
252 172 173 804 
253 172 804 973 
254 173 174 954 
255 804 173 954 
256 174 175 807 
257 174 807 954 
258 175 176 1024 
259 807 175 1024 
260 176 177 989 
261 176 989 1024 
262 177 178 792 
263 177 792 989 
264 178 179 974 
265 792 178 974 
266 179 180 1015 
267 974 179 1015 
268 180 181 806 
269 180 806 1015 
270 181 182 1026 
271 806 181 1026 
272 182 183 990 
273 182 990 1026 
274 183 184 808 
275 183 808 990 
276 184 185 945 
277 808 184 945 
278 185 186 821 
279 185 821 945 
280 186 187 857 
281 821 186 857 
282 857 187 1029 
283 828 785 829 
284 829 785 830 
285 830 785 961 
286 786 921 1008 
287 978 786 1020 
288 786 1008 1020 
289 787 877 880 
290 877 787 952 
291 787 951 952 
292 862 788 863 
293 863 788 864 
294 864 788 960 
295 839 789 842 
296 789 839 950 
297 842 789 856 
298 853 790 858 
299 790 853 966 
300 858 790 964 
301 846 791 847 
302 847 791 848 
303 848 791 855 
304 792 974 1025 
305 989 792 1021 
306 1021 792 1025 
307 793 905 906 
308 793 906 907 
309 793 907 918 
310 794 903 994 
311 955 794 1004 
312 794 994 1004 
313 795 895 896 
314 795 896 901 
315 795 901 957 
316 796 911 913 
317 911 796 918 
318 796 913 917 
319 797 969 971 
320 970 797 1033 
321 797 971 1033 
322 798 937 1002 
323 941 798 1006 
324 798 1002 1006 
325 799 936 998 
326 937 799 999 
327 799 998 999 
328 936 800 982 
329 800 942 944 
330 800 944 982 
331 905 801 949 
332 801 947 948 
333 801 948 949 
334 802 882 883 
335 802 883 884 
336 802 884 904 
337 803 881 991 
338 985 803 1014 
339 803 991 1014 
340 804 954 1001 
341 973 804 1023 
342 804 1001 1023 
343 893 805 946 
344 805 893 977 
345 958 805 977 
346 806 987 988 
347 987 806 1026 
348 806 988 1015 
349 954 807 1010 
350 807 984 1010 
351 984 807 1024 
352 808 945 1012 
353 990 808 1022 
354 808 1012 1022 
355 882 809 979 
356 809 976 979 
357 976 809 1018 
358 881 810 995 
359 810 986 995 
360 986 810 1013 
361 811 919 1005 
362 920 811 1000 
363 1000 811 1005 
364 812 920 996 
365 939 812 980 
366 980 812 996 
367 813 872 873 
368 813 873 962 
369 960 813 962 
370 919 814 1009 
371 814 955 1007 
372 814 1007 1009 
373 928 815 930 
374 815 928 940 
375 930 815 938 
376 915 816 917 
377 816 915 959 
378 956 816 959 
379 922 817 923 
380 923 817 924 
381 924 817 940 
382 951 818 981 
383 981 818 983 
384 983 818 1019 
385 819 844 856 
386 844 819 871 
387 871 819 963 
388 820 889 891 
389 889 820 904 
390 820 891 946 
391 821 857 1031 
392 945 821 1011 
393 1011 821 1031 
394 903 822 1003 
395 822 958 992 
396 822 992 1003 
397 835 823 837 
398 823 835 961 
399 837 823 950 
400 921 824 997 
401 824 957 975 
402 824 975 997 
403 967 825 972 
404 825 968 1034 
405 972 825 1034 
406 932 826 934 
407 826 932 938 
408 934 826 935 
409 827 941 1032 
410 969 827 971 
411 827 969 1027 
412 971 827 1032 
413 828 829 831 
414 828 831 964 
415 829 830 832 
416 831 829 861 
417 829 832 861 
418 832 830 833 
419 833 830 835 
420 835 830 961 
421 858 831 859 
422 831 858 964 
423 859 831 861 
424 832 833 834 
425 832 834 988 
426 861 832 988 
427 834 833 1025 
428 833 835 836 
429 833 836 1025 
430 834 974 1015 
431 974 834 1025 
432 988 834 1015 
433 836 835 837 
434 836 837 838 
435 836 838 1021 
436 836 1021 1025 
437 838 837 839 
438 839 837 950 
439 838 839 840 
440 838 840 841 
441 838 841 1021 
442 840 839 842 
443 841 840 984 
444 840 842 843 
445 840 843 984 
446 841 984 1024 
447 841 989 1021 
448 989 841 1024 
449 843 842 844 
450 844 842 856 
451 843 844 845 
452 843 845 1010 
453 984 843 1010 
454 845 844 871 
455 870 845 871 
456 845 870 1001 
457 845 1001 1010 
458 846 847 968 
459 846 968 1030 
460 847 848 849 
461 847 849 1034 
462 968 847 1034 
463 849 848 850 
464 850 848 851 
465 851 848 855 
466 849 850 1011 
467 972 849 1031 
468 849 972 1034 
469 849 1011 1031 
470 850 851 852 
471 850 852 1012 
472 1011 850 1012 
473 852 851 853 
474 853 851 966 
475 851 855 966 
476 852 853 854 
477 852 854 1022 
478 1012 852 1022 
479 854 853 858 
480 854 858 859 
481 854 859 860 
482 854 860 1022 
483 857 967 972 
484 967 857 1029 
485 857 972 1031 
486 860 859 987 
487 859 861 987 
488 860 987 1026 
489 860 990 1022 
490 990 860 1026 
491 987 861 988 
492 862 863 869 
493 862 869 963 
494 863 864 865 
495 863 865 866 
496 863 866 869 
497 865 864 867 
498 867 864 962 
499 864 960 962 
500 866 865 868 
501 865 867 986 
502 868 865 986 
503 866 868 1023 
504 869 866 870 
505 870 866 1023 
506 867 962 965 
507 867 965 995 
508 986 867 995 
509 973 868 1013 
510 868 973 1023 
511 868 986 1013 
512 869 870 871 
513 869 871 963 
514 1001 870 1023 
515 873 872 874 
516 874 872 880 
517 873 874 875 
518 873 875 965 
519 962 873 965 
520 875 874 876 
521 876 874 877 
522 877 874 880 
523 875 876 1014 
524 965 875 991 
525 991 875 1014 
526 876 877 878 
527 876 878 879 
528 876 879 1014 
529 878 877 952 
530 879 878 976 
531 878 952 953 
532 878 953 976 
533 879 976 1018 
534 879 985 1014 
535 985 879 1018 
536 991 881 995 
537 883 882 979 
538 884 883 885 
539 885 883 887 
540 887 883 979 
541 884 885 886 
542 884 886 889 
543 884 889 904 
544 886 885 888 
545 885 887 983 
546 888 885 983 
547 886 888 1020 
548 889 886 890 
549 890 886 1020 
550 953 887 979 
551 887 953 981 
552 887 981 983 
553 978 888 1019 
554 888 978 1020 
555 888 983 1019 
556 889 890 891 
557 891 890 892 
558 892 890 1008 
559 1008 890 1020 
560 891 892 893 
561 891 893 946 
562 893 892 894 
563 894 892 997 
564 997 892 1008 
565 893 894 977 
566 902 894 975 
567 894 902 977 
568 975 894 997 
569 896 895 897 
570 897 895 956 
571 896 897 898 
572 896 898 900 
573 896 900 901 
574 898 897 899 
575 899 897 959 
576 897 956 959 
577 898 899 994 
578 900 898 1003 
579 898 994 1003 
580 916 899 959 
581 899 916 1004 
582 994 899 1004 
583 901 900 902 
584 902 900 992 
585 992 900 1003 
586 901 902 975 
587 957 901 975 
588 977 902 992 
589 994 903 1003 
590 906 905 949 
591 907 906 908 
592 908 906 909 
593 909 906 949 
594 907 908 910 
595 907 910 911 
596 907 911 918 
597 908 909 996 
598 910 908 1000 
599 908 996 1000 
600 909 949 1016 
601 909 980 996 
602 980 909 1016 
603 911 910 912 
604 912 910 1005 
605 910 1000 1005 
606 911 912 913 
607 913 912 914 
608 914 912 1009 
609 912 1005 1009 
610 913 914 915 
611 913 915 917 
612 915 914 916 
613 916 914 1007 
614 1007 914 1009 
615 915 916 959 
616 1004 916 1007 
617 1005 919 1009 
618 996 920 1000 
619 921 997 1008 
620 922 923 925 
621 922 925 947 
622 923 924 926 
623 925 923 1017 
624 923 926 1017 
625 926 924 927 
626 927 924 928 
627 928 924 940 
628 947 925 948 
629 948 925 993 
630 993 925 1017 
631 926 927 998 
632 982 926 998 
633 926 982 1017 
634 927 928 929 
635 927 929 999 
636 998 927 999 
637 929 928 930 
638 929 930 931 
639 929 931 1002 
640 999 929 1002 
641 931 930 932 
642 932 930 938 
643 931 932 933 
644 931 933 1006 
645 1002 931 1006 
646 933 932 934 
647 933 934 1033 
648 933 971 1032 
649 971 933 1033 
650 1006 933 1032 
651 934 935 970 
652 934 970 1033 
653 970 935 1028 
654 936 982 998 
655 937 999 1002 
656 942 939 943 
657 943 939 980 
658 941 1006 1032 
659 942 943 944 
660 944 943 993 
661 943 980 1016 
662 993 943 1016 
663 982 944 1017 
664 944 993 1017 
665 945 1011 1012 
666 949 948 1016 
667 948 993 1016 
668 952 951 981 
669 953 952 981 
670 976 953 979 
671 1001 954 1010 
672 955 1004 1007 
673 958 977 992 
674 965 991 995 
3 1 4 6413
675 1185 1415 481 1604 
676 1298 1331 1327 1476 
677 792 1411 577 1586 
678 1079 1412 305 1597 
679 558 1192 1382 1458 
680 637 1316 1431 1473 
681 550 1051 1383 1461 
682 1298 1322 1331 1476 
683 1346 1435 644 1506 
684 637 1316 636 1431 
685 1298 1331 1322 1558 
686 426 796 1513 1527 
687 440 1063 1516 1554 
688 990 541 1422 1704 
689 1309 644 1435 1506 
690 1185 481 1075 1604 
691 1169 1445 1343 1497 
692 644 645 1309 1435 
693 1145 1147 1146 1314 
694 989 792 577 1586 
695 1350 1434 1126 1508 
696 818 466 1369 1560 
697 1060 710 561 1380 
698 1458 1540 754 1615 
699 301 1075 481 1604 
700 456 1079 305 1597 
701 456 1099 1079 1597 
702 1060 1380 561 1692 
703 349 348 347 1310 
704 1327 1331 1298 1531 
705 919 683 715 1377 
706 702 563 814 1376 
707 715 811 919 1377 
708 814 955 702 1376 
709 919 683 1377 1453 
710 1192 1072 558 1382 
711 577 693 989 1586 
712 622 1430 1359 1509 
713 719 1574 614 1680 
714 1212 710 1060 1380 
715 1200 550 1051 1383 
716 643 644 645 1309 
717 560 1378 1061 1457 
718 898 1441 1338 1490 
719 636 637 639 1316 
720 572 1379 1043 1461 
721 1349 1439 1091 1510 
722 1145 1314 1146 1483 
723 1146 1314 1147 1480 
724 558 1072 769 1382 
725 629 754 1540 1615 
726 552 1381 1186 1458 
727 629 754 1458 1540 
728 563 814 1376 1453 
729 1108 687 1061 1457 
730 687 560 1061 1457 
731 550 1200 773 1383 
732 348 1310 349 1491 
733 347 1310 348 1465 
734 637 1431 1344 1473 
735 537 612 1574 1670 
736 614 1574 1334 1680 
737 572 1043 1191 1461 
738 1333 1574 612 1670 
739 252 1485 1454 1616 
740 1052 552 1186 1458 
741 644 1309 643 1506 
742 1339 1452 1227 1571 
743 1356 1516 1063 1554 
744 1243 1304 1126 1434 
745 572 1191 696 1461 
746 845 871 844 1310 
747 639 1316 637 1473 
748 1341 1444 668 1496 
749 412 411 410 1311 
750 1331 1476 266 1530 
751 1052 692 552 1458 
752 622 1304 627 1430 
753 1454 1485 1374 1616 
754 719 680 614 1574 
755 923 926 924 1311 
756 634 1588 1410 1705 
757 1361 1513 796 1527 
758 426 1513 1361 1527 
759 1304 1126 1434 1508 
760 1345 1447 1427 1593 
761 632 1588 634 1705 
762 622 1304 1430 1509 
763 863 1325 865 1446 
764 871 1310 845 1487 
765 918 426 796 1513 
766 426 918 465 1513 
767 1333 1446 865 1519 
768 410 1311 411 1469 
769 845 1310 844 1470 
770 440 1516 1356 1554 
771 1169 1168 1343 1445 
772 1297 1334 1559 1659 
773 412 411 1311 1486 
774 1306 1091 1439 1510 
775 1380 1457 561 1692 
776 440 1063 1216 1516 
777 1169 1307 1445 1497 
778 1301 1540 1458 1615 
779 440 1216 321 1516 
780 894 893 1316 1484 
781 1287 1321 1426 1450 
782 1301 1458 1381 1615 
783 1146 1314 1480 1483 
784 926 1311 923 1467 
785 1126 1304 1243 1627 
786 775 1307 668 1444 
787 863 864 1325 1446 
788 680 537 612 1574 
789 926 924 1311 1492 
790 1299 1374 1373 1454 
791 1299 1452 1375 1713 
792 894 893 977 1316 
793 1091 1244 1306 1439 
794 448 1372 964 1580 
795 1310 348 1465 1491 
796 898 1309 1441 1490 
797 863 865 864 1446 
798 627 1304 622 1627 
799 1289 1367 1411 1433 
800 818 1369 466 1426 
801 1410 1588 1352 1705 
802 1428 1565 1333 1691 
803 898 897 1338 1441 
804 1160 1063 1356 1516 
805 1305 1456 1424 1723 
806 1289 1367 1433 1612 
807 1295 1424 1456 1723 
808 1325 865 1446 1519 
809 1307 668 1444 1496 
810 590 1345 1422 1704 
811 644 1346 647 1435 
812 293 1370 793 1582 
813 1287 1321 1450 1596 
814 831 1372 1500 1580 
815 1181 438 1371 1583 
816 259 1454 1373 1616 
817 1326 1429 419 1713 
818 510 1356 440 1516 
819 1328 1333 1565 1691 
820 1348 1494 1484 1684 
821 964 1372 448 1424 
822 1291 1352 1410 1431 
823 1291 1352 1431 1588 
824 1447 1593 1345 1630 
825 898 1309 994 1441 
826 1169 1307 1264 1445 
827 796 1361 911 1513 
828 1297 1559 1323 1659 
829 977 894 1316 1466 
830 1333 1428 612 1574 
831 397 1361 426 1513 
832 1321 1287 1426 1727 
833 1287 1355 1434 1594 
834 491 1555 1412 1701 
835 1301 1474 1575 1625 
836 1320 1575 1474 1625 
837 1287 1355 1418 1434 
838 627 1430 1304 1493 
839 1033 1373 1449 1616 
840 667 668 1341 1444 
841 1126 1350 1127 1434 
842 1419 1455 431 1702 
843 1291 1484 1494 1684 
844 1022 1422 1345 1704 
845 542 857 583 1368 
846 1250 1382 1192 1458 
847 1305 1396 1447 1593 
848 845 1310 1470 1487 
849 775 668 1307 1628 
850 622 1304 1509 1627 
851 1021 1315 838 1459 
852 1021 841 838 1315 
853 1219 1236 1239 1312 
854 990 718 541 1704 
855 680 719 881 1574 
856 1262 1383 1051 1461 
857 1367 1411 1433 1612 
858 1311 411 1469 1486 
859 1362 431 1455 1702 
860 1091 1349 1092 1439 
861 561 1380 739 1457 
862 894 1316 1466 1484 
863 1359 1468 1509 1641 
864 719 881 1574 1680 
865 492 1555 491 1701 
866 1364 1291 1415 1623 
867 1091 1306 1244 1634 
868 1298 1447 1396 1593 
869 558 1382 731 1458 
870 1286 1354 1421 1435 
871 342 494 493 1308 
872 1291 1440 1415 1623 
873 857 1368 542 1621 
874 1333 1428 1297 1565 
875 898 1003 994 1309 
876 831 1500 1372 1598 
877 393 1543 1416 1706 
878 1362 1455 1419 1702 
879 1382 1458 1250 1623 
880 623 1359 622 1430 
881 1299 1329 1452 1713 
882 1160 1216 1063 1516 
883 865 1325 863 1519 
884 1297 1428 1334 1659 
885 735 550 1383 1461 
886 749 750 605 1312 
887 1366 1295 1422 1443 
888 990 808 718 1704 
889 1315 1411 1021 1586 
890 634 1431 1410 1588 
891 1096 1595 1419 1702 
892 537 1574 1013 1670 
893 1295 1362 1439 1595 
894 926 1311 1467 1492 
895 614 1428 1334 1574 
896 380 504 520 1313 
897 1264 1307 1169 1628 
898 1381 1458 754 1615 
899 579 1586 1411 1734 
900 1239 1312 1236 1603 
901 1412 1597 1081 1733 
902 994 1309 1003 1599 
903 493 1308 494 1597 
904 493 1412 1308 1597 
905 537 810 1013 1574 
906 520 1415 1313 1604 
907 1415 1604 1139 1732 
908 841 1315 1021 1586 
909 1373 1454 1374 1616 
910 891 1410 1552 1705 
911 680 881 810 1574 
912 1094 1419 1096 1595 
913 510 440 1356 1554 
914 883 1450 1420 1708 
915 1366 1295 1443 1609 
916 1025 1411 1556 1717 
917 502 1418 1448 1698 
918 393 391 1416 1543 
919 750 1312 749 1603 
920 537 680 810 1574 
921 578 1612 1411 1717 
922 390 484 387 1314 
923 796 911 918 1513 
924 1286 1354 1435 1608 
925 864 1325 1446 1577 
926 1131 1594 1418 1698 
927 1219 1312 1239 1472 
928 381 1551 1415 1699 
929 486 1538 1423 1703 
930 1417 1542 943 1712 
931 1292 1351 1417 1444 
932 1416 1543 1358 1706 
933 1421 1544 1259 1707 
934 1304 1434 1243 1493 
935 1285 1509 1468 1641 
936 375 373 1320 1489 
937 612 1333 611 1691 
938 725 1451 1339 1485 
939 1365 1292 1423 1445 
940 1323 1559 1334 1659 
941 397 426 465 1513 
942 1338 1464 387 1488 
943 457 431 1419 1455 
944 390 1314 387 1464 
945 949 948 1317 1499 
946 1341 1467 1444 1660 
947 838 1315 841 1462 
948 749 1312 605 1471 
949 342 1308 493 1460 
950 1338 1441 1464 1652 
951 831 1500 829 1580 
952 891 1552 889 1705 
953 863 1325 864 1577 
954 865 1446 1333 1574 
955 494 1308 342 1463 
956 793 1370 293 1513 
957 944 943 1417 1542 
958 438 1181 1371 1516 
959 611 612 610 1333 
960 466 1369 371 1426 
961 1489 1575 1320 1625 
962 1287 1448 1426 1727 
963 830 1318 829 1500 
964 1452 1573 1375 1713 
965 502 1418 518 1448 
966 1129 1418 1131 1594 
967 520 1313 504 1604 
968 1177 1227 1452 1571 
969 1111 1113 1335 1695 
970 405 403 1317 1503 
971 883 1360 1450 1708 
972 830 1318 1500 1556 
973 1219 1236 1312 1495 
974 1258 1259 1421 1544 
975 1419 1595 1362 1702 
976 1060 561 1457 1692 
977 1346 1435 1421 1710 
978 583 1368 857 1633 
979 622 1509 729 1627 
980 1365 1292 1445 1614 
981 1303 1562 1503 1617 
982 1300 1563 1505 1619 
983 484 387 1314 1488 
984 1298 1427 1447 1593 
985 502 1448 1355 1698 
986 888 886 1020 1320 
987 1292 1351 1444 1607 
988 1418 1594 1355 1698 
989 520 380 1313 1494 
990 504 1313 380 1481 
991 898 1003 1309 1490 
992 464 1505 1318 1555 
993 1285 1323 1409 1548 
994 1301 1575 1489 1625 
995 1153 1151 1319 1507 
996 418 1326 419 1713 
997 337 464 1318 1555 
998 342 1460 1337 1463 
999 1383 1461 1262 1614 
1000 739 1457 1380 1612 
1001 1505 1563 1318 1619 
1002 1420 1450 1360 1708 
1003 647 1435 1346 1710 
1004 1317 1499 948 1542 
1005 643 1309 645 1599 
1006 486 409 1423 1538 
1007 1337 1460 1459 1668 
1008 393 1358 1543 1706 
1009 580 1612 578 1717 
1010 1323 1285 1409 1549 
1011 1129 1434 1418 1594 
1012 605 1312 750 1502 
1013 923 1311 924 1600 
1014 1376 1453 814 1729 
1015 758 1608 1421 1707 
1016 949 1016 948 1499 
1017 1299 1339 1451 1485 
1018 1299 1451 1374 1485 
1019 1503 1562 1317 1617 
1020 932 1326 930 1449 
1021 772 1421 758 1608 
1022 662 1607 1417 1712 
1023 1321 1585 1450 1596 
1024 883 979 1420 1450 
1025 615 617 614 1334 
1026 615 1334 614 1659 
1027 412 1311 410 1600 
1028 1422 1609 594 1697 
1029 349 1310 347 1601 
1030 647 1421 1435 1710 
1031 405 1503 1317 1538 
1032 1327 1368 1298 1476 
1033 611 1333 610 1524 
1034 1137 1415 1623 1699 
1035 662 664 1417 1607 
1036 1315 838 1459 1462 
1037 1410 1431 1352 1588 
1038 1111 1335 1437 1695 
1039 844 1310 871 1601 
1040 381 482 1551 1699 
1041 1414 1427 1306 1643 
1042 1094 1439 1419 1595 
1043 611 1333 1524 1691 
1044 419 418 417 1326 
1045 1337 1459 838 1462 
1046 886 1320 888 1474 
1047 484 1314 390 1626 
1048 858 1372 964 1424 
1049 1264 1169 1265 1628 
1050 1111 1113 1110 1335 
1051 1352 1301 1474 1540 
1052 678 1374 1451 1485 
1053 735 1461 1383 1607 
1054 1314 387 1464 1488 
1055 375 1489 1320 1551 
1056 506 394 507 1319 
1057 821 857 542 1621 
1058 1016 948 1499 1542 
1059 466 371 368 1426 
1060 1021 1411 1315 1459 
1061 1298 1368 1327 1447 
1062 1348 1481 380 1494 
1063 1319 1507 1151 1544 
1064 1297 1559 1437 1664 
1065 818 317 466 1560 
1066 1429 1564 1299 1713 
1067 1423 1614 1164 1703 
1068 1512 1562 1379 1662 
1069 1290 1377 1567 1629 
1070 627 1493 1304 1627 
1071 342 1308 1460 1463 
1072 944 1417 943 1712 
1073 1316 636 1431 1725 
1074 592 594 1422 1609 
1075 1360 1474 1301 1540 
1076 1137 1623 1135 1699 
1077 1306 1439 1244 1511 
1078 1355 1418 1434 1594 
1079 1363 1290 1379 1512 
1080 1412 1555 1353 1701 
1081 387 386 1338 1488 
1082 431 1362 1455 1715 
1083 1249 1250 1458 1623 
1084 321 510 440 1516 
1085 775 737 668 1628 
1086 731 1458 1382 1588 
1087 1329 1299 1564 1713 
1088 1300 1500 1563 1619 
1089 1302 1475 1361 1545 
1090 919 1377 1005 1453 
1091 1355 1448 1418 1698 
1092 371 1369 466 1560 
1093 894 1466 1348 1484 
1094 636 1316 639 1725 
1095 1297 1437 1565 1695 
1096 818 1369 983 1560 
1097 1458 1537 1249 1623 
1098 930 1326 931 1449 
1099 266 1476 267 1530 
1100 1166 1164 1423 1614 
1101 448 1372 447 1424 
1102 1020 1320 886 1552 
1103 1025 1556 834 1717 
1104 484 1576 1314 1626 
1105 1352 1474 1301 1625 
1106 1318 1563 1500 1619 
1107 1295 1455 1424 1723 
1108 1292 1444 1467 1660 
1109 578 1433 1411 1612 
1110 1110 1335 1113 1521 
1111 1296 1483 1506 1589 
1112 775 1307 1444 1526 
1113 1178 1452 1375 1571 
1114 1303 1499 1562 1617 
1115 336 1337 342 1460 
1116 493 1308 1412 1460 
1117 654 1377 683 1453 
1118 502 518 1418 1698 
1119 772 1435 1421 1608 
1120 1346 1506 1483 1589 
1121 1342 1470 1471 1672 
1122 1421 1435 1354 1608 
1123 1335 1113 1521 1695 
1124 1302 1358 1475 1545 
1125 317 818 1019 1560 
1126 1286 1464 1441 1652 
1127 1033 1373 934 1449 
1128 617 1334 615 1549 
1129 1111 1437 1335 1696 
1130 380 379 1348 1494 
1131 1120 1336 1116 1721 
1132 1355 1301 1489 1537 
1133 418 417 1326 1514 
1134 457 1419 431 1702 
1135 1334 615 1549 1659 
1136 1336 1664 1116 1721 
1137 818 983 1369 1426 
1138 1329 1573 1452 1713 
1139 1305 1424 853 1584 
1140 931 1326 930 1517 
1141 831 861 1500 1598 
1142 1339 1454 253 1485 
1143 1299 1429 1375 1501 
1144 1305 1593 1447 1630 
1145 1297 1565 1328 1695 
1146 1316 1579 639 1725 
1147 1289 1459 1460 1668 
1148 977 1316 893 1725 
1149 1317 1562 1499 1617 
1150 1374 1454 1299 1485 
1151 1258 1421 1259 1707 
1152 1342 1471 605 1502 
1153 1302 1475 1358 1618 
1154 831 964 858 1372 
1155 1374 1451 1449 1572 
1156 418 1514 1326 1713 
1157 931 1449 1326 1517 
1158 1366 1609 1422 1697 
1159 1300 1505 1362 1539 
1160 1299 1454 1373 1501 
1161 1363 1507 1302 1523 
1162 1366 1443 1422 1609 
1163 1242 1126 1243 1627 
1164 1301 1458 1382 1623 
1165 1299 1373 1429 1501 
1166 612 1428 1333 1691 
1167 1315 841 1462 1586 
1168 1437 1559 1336 1664 
1169 342 1337 343 1463 
1170 1290 1567 1436 1629 
1171 259 244 1454 1616 
1172 1212 1380 1060 1692 
1173 1219 1312 1472 1495 
1174 898 1338 896 1490 
1175 394 507 1319 1475 
1176 1303 1503 1365 1617 
1177 1219 1472 1340 1495 
1178 371 466 317 1560 
1179 837 838 1337 1459 
1180 883 1420 979 1708 
1181 1313 380 1481 1494 
1182 1300 1353 1505 1539 
1183 1116 1336 1120 1548 
1184 1313 1415 520 1494 
1185 1290 1436 1377 1629 
1186 1312 1239 1472 1603 
1187 506 394 1319 1543 
1188 749 1312 1471 1603 
1189 1312 605 1471 1502 
1190 1301 1474 1360 1575 
1191 445 966 1424 1584 
1192 1116 1336 1548 1664 
1193 1063 1160 1356 1554 
1194 758 1421 772 1707 
1195 375 1320 373 1613 
1196 1339 1485 253 1673 
1197 994 1441 1309 1525 
1198 494 1308 1463 1597 
1199 911 1361 796 1527 
1200 898 897 896 1338 
1201 605 1342 604 1471 
1202 397 426 1361 1527 
1203 1299 1375 1454 1501 
1204 380 1348 382 1481 
1205 343 342 336 1337 
1206 1356 1303 1503 1533 
1207 1365 1503 1303 1533 
1208 606 1342 605 1502 
1209 1351 1542 1417 1712 
1210 1304 1493 1243 1627 
1211 1300 1505 1353 1619 
1212 1289 1353 1412 1555 
1213 1339 1299 1454 1485 
1214 1286 1358 1416 1543 
1215 662 1417 664 1712 
1216 1033 1449 933 1616 
1217 1302 1361 1475 1567 
1218 382 380 379 1348 
1219 1300 1366 1500 1534 
1220 621 622 1359 1509 
1221 1426 1450 1321 1585 
1222 1352 1552 1410 1705 
1223 267 1476 1327 1530 
1224 1289 1411 1367 1556 
1225 393 1416 391 1706 
1226 1362 1419 1439 1595 
1227 605 606 604 1342 
1228 649 1435 772 1608 
1229 753 1409 1549 1636 
1230 1003 1309 1490 1599 
1231 259 243 1373 1454 
1232 1301 1381 1575 1615 
1233 839 1337 838 1462 
1234 1299 1449 1374 1451 
1235 888 1320 1020 1613 
1236 1302 1507 1363 1567 
1237 1423 1538 1365 1703 
1238 1126 1125 1350 1508 
1239 1357 1499 1303 1535 
1240 1209 1340 1219 1472 
1241 1292 1417 1351 1542 
1242 486 1423 409 1703 
1243 853 1424 1305 1456 
1244 1290 1363 1379 1438 
1245 387 1338 388 1464 
1246 1170 1169 1343 1497 
1247 390 1314 1464 1626 
1248 445 966 790 1424 
1249 1354 1544 1421 1707 
1250 1219 1340 1221 1495 
1251 1320 1474 886 1552 
1252 790 291 445 1424 
1253 1264 1445 1307 1526 
1254 933 1449 1374 1616 
1255 1300 1500 1366 1563 
1256 1449 1451 1332 1572 
1257 1303 1356 1503 1562 
1258 664 1444 1417 1607 
1259 1323 1559 1297 1664 
1260 971 933 1374 1616 
1261 315 1066 483 1388 
1262 725 677 1451 1485 
1263 253 1454 1339 1571 
1264 1288 1471 1470 1672 
1265 1422 1443 592 1609 
1266 753 1549 752 1636 
1267 253 1571 1339 1673 
1268 483 1066 1220 1388 
1269 1169 1168 1170 1343 
1270 1303 1499 1357 1562 
1271 1221 1219 1209 1340 
1272 461 447 448 1372 
1273 1301 1355 1489 1575 
1274 1365 1445 1423 1614 
1275 1427 1593 1306 1643 
1276 1293 1497 1486 1590 
1277 1411 1612 1367 1717 
1278 1373 1374 1299 1449 
1279 1323 1297 1413 1664 
1280 1286 1464 1314 1480 
1281 1379 1562 1438 1638 
1282 1290 1357 1377 1436 
1283 1294 1495 1491 1587 
1284 838 839 837 1337 
1285 1297 1323 1413 1659 
1286 388 387 386 1338 
1287 675 776 764 1324 
1288 814 955 1376 1729 
1289 504 1313 1481 1604 
1290 1329 1452 1175 1520 
1291 1290 1438 1379 1562 
1292 977 1579 1316 1725 
1293 947 922 444 1386 
1294 312 444 922 1386 
1295 1374 1616 1485 1653 
1296 1286 1388 1464 1480 
1297 1175 1174 1329 1520 
1298 1094 1096 1419 1702 
1299 1326 1564 1429 1713 
1300 502 1355 1448 1724 
1301 1300 1362 1505 1563 
1302 1146 1480 1346 1483 
1303 1415 1551 1364 1699 
1304 513 1581 1515 1584 
1305 484 1488 1314 1576 
1306 1122 1548 1409 1636 
1307 1274 1409 1122 1548 
1308 1192 1250 1072 1382 
1309 563 1376 650 1453 
1310 1314 1464 1388 1480 
1311 675 1451 1332 1518 
1312 770 1344 637 1431 
1313 1122 1409 1274 1636 
1314 310 855 449 1396 
1315 558 769 731 1382 
1316 1090 1349 1091 1510 
1317 1322 1476 1298 1637 
1318 310 791 855 1396 
1319 564 685 822 1395 
1320 1051 1262 1200 1383 
1321 1343 1486 1497 1590 
1322 1357 1562 1512 1662 
1323 675 1332 674 1518 
1324 584 542 583 1368 
1325 932 1326 1449 1568 
1326 1339 1454 1452 1571 
1327 739 561 710 1380 
1328 1365 1614 1423 1703 
1329 735 550 773 1383 
1330 1417 1607 1351 1712 
1331 1331 1547 1283 1622 
1332 1340 1491 1495 1587 
1333 1328 1297 1413 1691 
1334 1241 1091 1244 1634 
1335 830 829 1318 1606 
1336 1292 1365 1423 1538 
1337 972 1536 1368 1693 
1338 1423 1445 1166 1614 
1339 986 865 1333 1574 
1340 1375 1429 420 1501 
1341 932 930 1326 1568 
1342 1467 1469 1292 1660 
1343 919 811 1005 1377 
1344 1383 1461 1303 1607 
1345 1320 1560 373 1613 
1346 1335 1565 1437 1695 
1347 1311 1469 1467 1660 
1348 1176 1175 1174 1329 
1349 1127 1126 1125 1350 
1350 1176 1175 1329 1452 
1351 1336 1437 1297 1559 
1352 1411 1459 1025 1556 
1353 1344 1431 1316 1473 
1354 1303 1461 1383 1614 
1355 1285 1409 1509 1641 
1356 1168 1423 1343 1445 
1357 1298 1510 1414 1593 
1358 1302 1507 1567 1618 
1359 1351 1417 1444 1607 
1360 669 1341 668 1496 
1361 622 623 621 1359 
1362 1111 1335 1110 1696 
1363 949 1317 948 1602 
1364 506 1319 507 1605 
1365 405 1317 403 1602 
1366 853 1456 1305 1630 
1367 741 1534 1457 1612 
1368 634 633 1431 1588 
1369 763 1535 1461 1607 
1370 1292 1467 1386 1469 
1371 1343 1423 1168 1714 
1372 764 675 1324 1451 
1373 315 1066 1388 1605 
1374 958 564 822 1395 
1375 1305 1424 1581 1723 
1376 853 1305 1584 1630 
1377 590 1422 1345 1443 
1378 676 1332 675 1451 
1379 337 1318 464 1606 
1380 1134 1249 1537 1623 
1381 674 675 676 1332 
1382 1295 1424 1372 1598 
1383 764 1324 776 1644 
1384 1286 1421 1354 1544 
1385 1153 1319 1151 1605 
1386 1461 1533 1261 1614 
1387 667 668 669 1341 
1388 1268 1324 1452 1541 
1389 1297 1328 1413 1695 
1390 1311 923 1467 1600 
1391 764 1451 1324 1541 
1392 1175 1268 1324 1452 
1393 1358 1286 1416 1620 
1394 1452 1454 1375 1571 
1395 285 1390 786 1677 
1396 1303 1379 1562 1662 
1397 1290 1379 1512 1562 
1398 1091 1090 1092 1349 
1399 751 1524 1406 1666 
1400 1269 1406 1521 1666 
1401 1289 1412 1460 1555 
1402 474 1375 420 1501 
1403 1421 1608 1354 1707 
1404 1309 1435 645 1525 
1405 347 1310 1465 1601 
1406 1468 1585 877 1635 
1407 1031 849 972 1368 
1408 1319 1567 1507 1618 
1409 1352 1291 1410 1552 
1410 1305 1447 1396 1630 
1411 364 1578 1477 1635 
1412 394 1475 1319 1543 
1413 1289 1459 1411 1556 
1414 1378 1563 1300 1609 
1415 844 1470 1310 1601 
1416 1298 1476 1368 1637 
1417 888 1560 1320 1613 
1418 1311 1386 1467 1469 
1419 1130 1434 1129 1594 
1420 410 1311 1469 1600 
1421 1382 1458 1301 1588 
1422 1166 1423 1164 1703 
1423 1364 1623 1415 1699 
1424 1340 1465 348 1491 
1425 1285 1498 1549 1559 
1426 926 1467 1341 1492 
1427 1267 1175 1268 1324 
1428 1515 1581 1305 1584 
1429 1309 643 1506 1599 
1430 1291 1364 1415 1551 
1431 1092 1349 1419 1439 
1432 883 1450 1360 1726 
1433 1334 1549 1498 1559 
1434 831 964 1372 1580 
1435 1306 1414 1510 1593 
1436 1477 1578 1321 1635 
1437 1367 1556 1411 1717 
1438 1321 1596 1287 1727 
1439 1286 1416 1464 1543 
1440 1304 1434 1350 1508 
1441 1287 1434 1418 1727 
1442 1290 1377 1357 1512 
1443 702 650 563 1376 
1444 1266 1407 1520 1644 
1445 1296 1483 1394 1506 
1446 683 654 715 1377 
1447 1377 1453 654 1611 
1448 1377 1567 1302 1611 
1449 1414 1427 587 1637 
1450 405 404 1503 1538 
1451 1334 1428 614 1659 
1452 491 1460 1412 1555 
1453 1410 1431 636 1725 
1454 1092 1419 1349 1728 
1455 1302 1567 1377 1629 
1456 845 1470 1342 1487 
1457 1306 1511 1244 1634 
1458 947 1386 444 1602 
1459 1343 1469 411 1486 
1460 1129 1131 1418 1698 
1461 531 420 474 1375 
1462 1295 1563 1378 1609 
1463 1032 971 933 1374 
1464 1269 1521 1119 1666 
1465 637 1344 756 1473 
1466 1266 1520 1267 1644 
1467 405 404 403 1503 
1468 1486 1492 1293 1590 
1469 1341 667 1444 1730 
1470 1314 1286 1480 1652 
1471 1344 1482 1473 1592 
1472 1293 1486 1400 1492 
1473 401 1370 293 1582 
1474 1381 1575 1287 1594 
1475 1312 1236 1603 1700 
1476 1292 1467 1417 1542 
1477 1320 888 1474 1560 
1478 438 508 1371 1583 
1479 1321 1585 1468 1635 
1480 793 1370 906 1582 
1481 1294 1491 1487 1587 
1482 1177 1284 1227 1571 
1483 1296 1473 1482 1592 
1484 1186 1381 552 1493 
1485 1261 1262 1461 1614 
1486 739 741 1457 1612 
1487 1181 1371 1155 1583 
1488 1294 1401 1487 1491 
1489 1306 1439 1349 1510 
1490 1317 1582 403 1602 
1491 639 1316 1473 1579 
1492 1145 1314 1483 1576 
1493 1285 1508 1409 1641 
1494 448 461 1372 1580 
1495 776 1324 675 1518 
1496 750 1312 1603 1700 
1497 858 1372 1424 1598 
1498 1359 1430 1304 1509 
1499 1153 1583 1319 1605 
1500 1351 943 1542 1712 
1501 727 1524 751 1666 
1502 1316 977 1466 1579 
1503 368 1448 1426 1724 
1504 949 1582 1317 1602 
1505 266 268 267 1476 
1506 673 776 1518 1644 
1507 985 1398 569 1687 
1508 1291 1484 1390 1494 
1509 412 1311 1600 1709 
1510 1303 1562 1379 1638 
1511 420 1429 1375 1713 
1512 569 985 803 1398 
1513 1094 1095 1439 1595 
1514 592 1422 594 1697 
1515 1086 1331 1283 1622 
1516 1267 1324 1268 1644 
1517 964 828 290 1580 
1518 1300 1563 1378 1595 
1519 1285 1409 1508 1548 
1520 1301 1575 1381 1594 
1521 1311 924 1600 1709 
1522 310 791 1396 1566 
1523 448 964 290 1580 
1524 1417 1444 667 1730 
1525 1310 871 1601 1711 
1526 349 1310 1601 1711 
1527 1415 1440 1137 1623 
1528 1374 1449 1032 1572 
1529 1319 1583 507 1605 
1530 1146 1346 1256 1483 
1531 818 981 983 1426 
1532 932 930 931 1449 
1533 1032 1374 933 1449 
1534 893 1316 1484 1725 
1535 1310 1384 1470 1672 
1536 975 1348 894 1466 
1537 1363 1290 1512 1611 
1538 1236 1312 1495 1700 
1539 1360 1287 1420 1615 
1540 447 1424 1372 1455 
1541 1286 1314 1464 1652 
1542 252 1454 244 1616 
1543 1314 1147 1480 1626 
1544 1294 1406 1495 1587 
1545 717 566 937 1399 
1546 680 1428 614 1574 
1547 1293 1407 1497 1590 
1548 774 1195 736 1407 
1549 1436 1567 1361 1629 
1550 763 1461 735 1607 
1551 439 293 905 1582 
1552 293 793 905 1582 
1553 351 1522 1401 1661 
1554 750 1502 1312 1700 
1555 704 985 569 1687 
1556 1120 1116 1115 1721 
1557 627 622 729 1627 
1558 1019 818 983 1560 
1559 1153 1152 1151 1507 
1560 373 1320 1489 1560 
1561 1288 1470 1384 1672 
1562 442 1055 1397 1690 
1563 958 564 1395 1579 
1564 1341 1444 1417 1730 
1565 1152 1151 1507 1544 
1566 1297 1334 1574 1646 
1567 427 951 1426 1635 
1568 849 972 1368 1693 
1569 1287 1450 1420 1596 
1570 1350 1127 1434 1718 
1571 1005 1453 1377 1629 
1572 986 865 868 1333 
1573 1302 1453 1377 1611 
1574 1295 1456 1424 1598 
1575 375 374 1489 1551 
1576 1285 1509 1409 1549 
1577 742 1414 587 1637 
1578 831 861 829 1500 
1579 678 1451 1374 1572 
1580 1065 524 487 1404 
1581 869 1401 1519 1661 
1582 420 1375 531 1713 
1583 1455 1581 1424 1723 
1584 1375 1452 1178 1573 
1585 1297 1446 1333 1565 
1586 1400 1517 928 1663 
1587 832 830 829 1500 
1588 774 1049 1195 1407 
1589 675 1324 1451 1518 
1590 296 1046 1391 1576 
1591 1378 1563 1295 1595 
1592 581 1433 578 1612 
1593 1375 1429 1299 1713 
1594 1292 1423 1469 1538 
1595 1295 1372 1424 1455 
1596 1246 1381 1434 1594 
1597 1115 1116 1664 1721 
1598 414 1514 1400 1663 
1599 968 1536 1327 1632 
1600 1310 1465 1384 1672 
1601 1433 1459 1289 1668 
1602 865 868 1333 1519 
1603 830 1500 832 1556 
1604 447 1455 1372 1715 
1605 680 612 1428 1574 
1606 1065 1198 524 1404 
1607 673 1518 1407 1644 
1608 1382 1431 638 1588 
1609 1291 1494 1440 1684 
1610 762 1379 1461 1662 
1611 1289 1433 1411 1459 
1612 1289 1460 1442 1668 
1613 831 1372 858 1598 
1614 419 1429 1326 1568 
1615 438 1044 294 1583 
1616 1291 1415 1440 1494 
1617 353 1522 351 1661 
1618 1181 1044 438 1583 
1619 1309 1525 645 1599 
1620 1311 1492 1486 1590 
1621 1324 1175 1452 1520 
1622 1324 1541 1268 1644 
1623 848 851 1396 1630 
1624 409 1469 1423 1538 
1625 1312 1495 1406 1587 
1626 848 1396 1447 1630 
1627 1290 1567 1377 1611 
1628 1398 1468 1285 1509 
1629 747 1634 1511 1643 
1630 1294 1502 1406 1587 
1631 764 1541 1324 1644 
1632 434 1109 1211 1402 
1633 252 1485 1616 1653 
1634 869 1519 863 1661 
1635 688 973 568 1403 
1636 285 786 921 1677 
1637 560 1061 1378 1511 
1638 1307 1497 1407 1590 
1639 804 568 973 1403 
1640 1289 1412 1442 1460 
1641 1311 412 1486 1709 
1642 375 374 373 1489 
1643 1487 1491 1310 1587 
1644 623 1359 1430 1719 
1645 1315 1459 1433 1668 
1646 930 928 1517 1663 
1647 1442 1460 1308 1668 
1648 799 717 937 1399 
1649 1034 1327 968 1536 
1650 1373 1454 243 1501 
1651 921 429 285 1677 
1652 1322 1298 1414 1637 
1653 417 1514 414 1663 
1654 871 1310 1487 1711 
1655 1293 1496 1407 1590 
1656 924 1311 1492 1709 
1657 1310 349 1491 1711 
1658 1299 1332 1449 1451 
1659 1354 1259 1544 1707 
1660 1373 934 1449 1645 
1661 829 1580 1318 1606 
1662 1378 1439 1247 1595 
1663 1155 1371 1157 1642 
1664 1157 1371 1516 1642 
1665 1418 1434 1127 1718 
1666 1157 1371 1155 1516 
1667 442 1203 1055 1690 
1668 1312 1406 1502 1587 
1669 1298 1447 1327 1693 
1670 1315 1411 1433 1459 
1671 724 1637 1561 1731 
1672 1286 1480 1421 1544 
1673 1440 1494 1313 1684 
1674 434 306 1109 1402 
1675 1457 1612 1300 1692 
1676 1249 1134 1250 1623 
1677 994 1525 1309 1599 
1678 897 1338 1441 1722 
1679 1375 1454 242 1571 
1680 525 411 1343 1469 
1681 894 1348 997 1484 
1682 1287 1360 1420 1450 
1683 1311 1400 1486 1492 
1684 1353 1289 1412 1624 
1685 1267 1175 1324 1520 
1686 1313 1440 1415 1494 
1687 1307 1407 1496 1590 
1688 1283 1547 1331 1558 
1689 1404 1486 1293 1497 
1690 1338 1441 1309 1490 
1691 1308 1442 1412 1460 
1692 966 853 1424 1584 
1693 926 1341 998 1492 
1694 1345 1593 1427 1643 
1695 1288 1478 1479 1591 
1696 1307 1526 775 1628 
1697 724 1322 1637 1731 
1698 1325 1446 1333 1519 
1699 1326 1299 1429 1564 
1700 590 1443 1345 1643 
1701 446 1581 513 1584 
1702 1402 1491 1294 1495 
1703 242 1454 1375 1501 
1704 747 1511 1443 1643 
1705 1290 1356 1432 1438 
1706 1357 1512 658 1662 
1707 252 244 1454 1485 
1708 1352 889 1552 1705 
1709 849 1368 1031 1447 
1710 1310 1487 1401 1491 
1711 1320 1489 1369 1575 
1712 266 1547 1331 1622 
1713 1288 1479 1389 1591 
1714 814 1007 955 1729 
1715 1295 1366 1422 1598 
1716 1301 1537 1458 1623 
1717 1316 1431 1410 1725 
1718 1375 1452 1299 1454 
1719 1288 1393 1478 1591 
1720 1421 1480 1258 1544 
1721 1347 1479 1478 1591 
1722 1431 1484 1291 1684 
1723 1327 1447 1368 1693 
1724 1426 1448 1369 1724 
1725 1355 1287 1418 1448 
1726 940 815 467 1400 
1727 815 316 467 1400 
1728 1296 1506 1395 1589 
1729 587 1427 1414 1643 
1730 623 1430 1420 1719 
1731 1264 1526 1307 1628 
1732 963 862 432 1401 
1733 1308 1389 1479 1591 
1734 1398 1498 991 1680 
1735 1290 1357 1436 1562 
1736 1511 1634 1306 1643 
1737 432 318 963 1401 
1738 1339 1451 781 1541 
1739 1014 991 1398 1498 
1740 1315 1478 1393 1591 
1741 1281 1452 1339 1541 
1742 755 1540 1458 1588 
1743 1321 1468 1285 1477 
1744 500 1504 1397 1681 
1745 1307 1444 1341 1496 
1746 273 1536 968 1632 
1747 1357 658 1535 1662 
1748 447 1372 461 1715 
1749 926 982 1341 1467 
1750 1288 1384 1465 1672 
1751 284 1547 266 1622 
1752 289 1385 961 1657 
1753 633 638 1431 1588 
1754 283 1327 267 1476 
1755 1296 1482 1391 1592 
1756 1298 1327 1396 1693 
1757 1020 1320 1552 1613 
1758 931 1332 1006 1449 
1759 1286 1441 1416 1620 
1760 1326 1329 1564 1713 
1761 1297 1574 1446 1646 
1762 1309 1395 1506 1589 
1763 488 1343 411 1486 
1764 1291 1431 1410 1484 
1765 1024 1393 538 1650 
1766 1246 1434 1130 1594 
1767 959 1416 1620 1706 
1768 1297 1333 1446 1574 
1769 1316 1484 1431 1684 
1770 1318 1580 464 1606 
1771 442 308 1203 1690 
1772 1338 1464 1589 1652 
1773 501 1397 500 1504 
1774 348 1340 497 1465 
1775 1332 1293 1517 1518 
1776 726 765 1228 1413 
1777 702 1376 955 1525 
1778 1038 1389 320 1651 
1779 1426 1450 981 1726 
1780 773 1383 1200 1526 
1781 486 1365 1538 1703 
1782 765 1228 1413 1666 
1783 1313 1391 1482 1592 
1784 1285 1468 1405 1477 
1785 1319 1475 1371 1567 
1786 593 592 1443 1609 
1787 1436 1562 1357 1648 
1788 827 679 1374 1572 
1789 326 1375 1179 1573 
1790 931 1332 1449 1517 
1791 445 1424 446 1584 
1792 242 1375 1571 1658 
1793 1551 1552 1291 1625 
1794 755 1458 731 1588 
1795 646 644 647 1435 
1796 1355 1287 1575 1594 
1797 498 1340 348 1491 
1798 987 1366 1500 1598 
1799 1297 1437 1335 1565 
1800 845 1010 1342 1470 
1801 599 1347 744 1478 
1802 652 1453 1523 1611 
1803 1297 1428 1333 1574 
1804 1333 1294 1519 1524 
1805 856 1384 424 1654 
1806 1057 1392 689 1647 
1807 1450 1585 1420 1596 
1808 1365 1503 486 1538 
1809 1412 1624 1080 1701 
1810 1394 1483 1346 1506 
1811 845 1342 1001 1487 
1812 666 1383 1444 1607 
1813 507 1319 1475 1583 
1814 1325 1401 1294 1522 
1815 1294 1401 1325 1519 
1816 1000 1648 1436 1649 
1817 1457 1534 741 1609 
1818 1333 1446 1325 1565 
1819 1359 1596 1468 1641 
1820 1335 1546 1297 1694 
1821 1321 1405 1468 1477 
1822 1285 1548 1504 1559 
1823 1326 1293 1400 1517 
1824 1309 1490 1395 1589 
1825 1326 1400 1293 1514 
1826 1364 1489 482 1551 
1827 1339 1299 1452 1454 
1828 741 582 1534 1612 
1829 506 1543 1319 1605 
1830 1095 1247 1439 1595 
1831 1259 1507 1354 1544 
1832 1390 1484 1348 1494 
1833 959 1620 915 1706 
1834 1438 1640 1276 1642 
1835 1291 1431 1382 1588 
1836 1291 1415 1494 1551 
1837 1298 1322 1414 1558 
1838 1308 1463 1389 1591 
1839 1291 1551 1390 1552 
1840 1157 1516 1438 1642 
1841 1146 1257 1346 1480 
1842 1315 1393 1462 1591 
1843 897 1441 1416 1722 
1844 1325 1565 1297 1694 
1845 1014 1398 991 1680 
1846 1298 1408 1331 1558 
1847 1298 1331 1408 1531 
1848 1372 1500 1318 1563 
1849 1359 1509 1596 1641 
1850 1318 337 1555 1606 
1851 1296 1395 1490 1589 
1852 830 1318 1556 1606 
1853 1357 1303 1562 1662 
1854 733 1346 644 1506 
1855 1086 1283 1331 1558 
1856 364 366 1578 1635 
1857 1105 1347 1102 1479 
1858 1345 1422 1022 1456 
1859 1288 1389 1463 1591 
1860 658 1357 1553 1649 
1861 1291 1484 1410 1552 
1862 1376 1453 1302 1608 
1863 1350 1434 1418 1718 
1864 1313 1481 1391 1592 
1865 1288 1462 1393 1591 
1866 1287 1434 1381 1594 
1867 1397 1504 1285 1548 
1868 1432 1438 1356 1516 
1869 1282 1322 1226 1558 
1870 1353 1300 1619 1624 
1871 1293 1518 1332 1564 
1872 259 252 244 1616 
1873 381 1494 1415 1551 
1874 1484 1592 1348 1684 
1875 239 247 1224 1571 
1876 284 268 266 1476 
1877 907 906 1513 1648 
1878 934 1568 1449 1645 
1879 1321 1477 1285 1641 
1880 486 406 409 1538 
1881 1297 1334 1428 1574 
1882 1363 1512 1379 1640 
1883 1332 1517 1293 1564 
1884 1370 1513 906 1648 
1885 1031 1368 972 1633 
1886 637 770 756 1344 
1887 1370 1499 1317 1562 
1888 596 741 1534 1609 
1889 1007 1376 955 1729 
1890 1352 1588 1291 1625 
1891 242 1501 1375 1658 
1892 1254 1344 1140 1482 
1893 1380 1612 1457 1692 
1894 1304 1509 1409 1641 
1895 1296 1391 1481 1592 
1896 1420 1430 1287 1596 
1897 1369 1474 1320 1575 
1898 1163 1261 1533 1614 
1899 1291 1588 1382 1625 
1900 1002 1006 931 1332 
1901 926 982 998 1341 
1902 1301 1575 1360 1615 
1903 1198 524 1404 1676 
1904 1301 1360 1540 1615 
1905 1228 1062 726 1413 
1906 746 1443 1378 1609 
1907 664 663 1444 1607 
1908 247 1224 1571 1673 
1909 1293 1324 1407 1518 
1910 1324 1293 1407 1520 
1911 1325 1297 1425 1694 
1912 1399 1518 674 1675 
1913 1285 1498 1398 1549 
1914 1341 1590 1467 1660 
1915 1417 1467 944 1542 
1916 738 1380 1433 1612 
1917 671 674 1399 1518 
1918 496 1389 494 1463 
1919 1294 1328 1406 1524 
1920 525 411 488 1343 
1921 1285 1468 1321 1641 
1922 1328 1294 1406 1521 
1923 500 1397 501 1681 
1924 1033 934 933 1449 
1925 671 1399 674 1675 
1926 502 518 369 1448 
1927 1294 1524 1333 1565 
1928 1295 1439 1378 1595 
1929 1295 1366 1563 1609 
1930 427 1426 366 1635 
1931 1418 1448 1287 1727 
1932 1317 949 1499 1582 
1933 1165 1166 1445 1614 
1934 1316 1410 1431 1484 
1935 860 1598 1422 1697 
1936 1333 1519 1294 1565 
1937 786 1390 285 1613 
1938 1318 829 1500 1580 
1939 650 1453 1376 1608 
1940 483 1388 1220 1626 
1941 1369 1450 1426 1726 
1942 1002 1332 931 1517 
1943 740 1347 599 1734 
1944 740 1433 1347 1734 
1945 841 1393 984 1462 
1946 599 1347 1478 1734 
1947 658 1553 695 1649 
1948 1006 1449 1332 1572 
1949 1297 1428 1413 1691 
1950 690 1054 1229 1406 
1951 1320 375 1551 1613 
1952 1363 1611 1512 1640 
1953 1255 1256 1394 1483 
1954 1290 1361 1436 1567 
1955 744 599 740 1347 
1956 831 828 964 1580 
1957 1396 851 1584 1630 
1958 1420 1430 1359 1719 
1959 987 1500 861 1598 
1960 1341 1444 1590 1660 
1961 391 1464 1416 1543 
1962 1300 1353 1539 1624 
1963 1335 1328 1565 1695 
1964 1258 1150 1259 1544 
1965 427 286 951 1635 
1966 647 1421 646 1435 
1967 1110 1521 1402 1679 
1968 292 1408 1098 1669 
1969 1403 1524 610 1670 
1970 1336 1297 1546 1656 
1971 1174 1520 1404 1671 
1972 1292 1383 1614 1617 
1973 690 1229 556 1406 
1974 584 1368 583 1633 
1975 948 1317 1542 1602 
1976 1110 1112 1402 1521 
1977 1159 1507 1363 1550 
1978 728 1186 552 1493 
1979 464 1318 1505 1580 
1980 400 510 1516 1689 
1981 1348 1592 1494 1684 
1982 1172 1404 1174 1520 
1983 1394 1483 1256 1674 
1984 1362 1295 1563 1595 
1985 1199 1078 701 1541 
1986 625 1420 1615 1708 
1987 403 1317 1503 1582 
1988 1293 1514 1520 1564 
1989 610 1403 608 1524 
1990 1393 1462 841 1586 
1991 1256 1146 1257 1346 
1992 1239 1392 1271 1472 
1993 1577 1661 1325 1694 
1994 1347 1102 1479 1733 
1995 400 1516 1432 1689 
1996 1272 553 1062 1413 
1997 999 1517 1399 1675 
1998 1317 405 1538 1602 
1999 748 1392 749 1471 
2000 1337 1591 1460 1668 
2001 1298 1427 1414 1637 
2002 1297 1559 1334 1646 
2003 496 1389 1463 1465 
2004 1290 1432 1371 1438 
2005 652 654 1453 1611 
2006 984 1462 1393 1470 
2007 1294 1522 1521 1565 
2008 1110 1402 1112 1679 
2009 652 1523 1453 1608 
2010 1153 1507 1319 1583 
2011 1438 1516 1371 1642 
2012 971 1033 933 1616 
2013 1082 1080 1624 1701 
2014 1031 1447 1368 1621 
2015 498 497 348 1340 
2016 333 533 1530 1622 
2017 1299 1451 1339 1452 
2018 1002 1517 999 1675 
2019 1230 1347 1442 1733 
2020 1405 1498 1285 1504 
2021 877 1585 952 1635 
2022 1303 1614 1383 1617 
2023 608 1403 610 1670 
2024 1174 1404 1172 1671 
2025 1160 1356 1438 1516 
2026 1342 1587 1470 1672 
2027 386 1488 1387 1678 
2028 1327 1298 1396 1531 
2029 1330 1498 1405 1504 
2030 1362 1455 1295 1723 
2031 1304 1409 1508 1641 
2032 1320 1552 1551 1625 
2033 1155 1371 1181 1516 
2034 1337 1459 1591 1668 
2035 1001 845 1010 1342 
2036 1070 559 1231 1409 
2037 610 1333 612 1670 
2038 1272 553 1413 1636 
2039 763 661 1535 1607 
2040 728 1059 1186 1493 
2041 1305 1515 1396 1593 
2042 439 401 293 1582 
2043 1256 1255 1394 1674 
2044 1263 1445 1383 1614 
2045 386 384 1387 1488 
2046 499 1402 1522 1679 
2047 386 1387 384 1678 
2048 793 906 905 1582 
2049 1023 1519 1403 1670 
2050 1416 1441 1286 1464 
2051 404 486 1503 1538 
2052 795 428 1667 1678 
2053 1074 546 1655 1674 
2054 1151 1319 1544 1605 
2055 997 894 975 1348 
2056 1230 1102 1347 1733 
2057 834 1500 1367 1556 
2058 584 1621 1368 1637 
2059 1302 1376 1608 1618 
2060 666 1444 663 1607 
2061 943 1499 1351 1542 
2062 1344 1440 1253 1732 
2063 825 273 264 1536 
2064 1361 1436 911 1513 
2065 416 1514 526 1671 
2066 505 1391 504 1481 
2067 1292 1444 1417 1467 
2068 987 1500 1366 1697 
2069 1344 1140 1482 1732 
2070 510 1356 1503 1554 
2071 1253 1140 1254 1344 
2072 1302 1618 1358 1620 
2073 827 1374 679 1653 
2074 1392 1471 748 1478 
2075 951 286 787 1635 
2076 1330 1285 1498 1504 
2077 698 1231 559 1409 
2078 1296 1473 1394 1482 
2079 1352 1474 889 1529 
2080 625 1615 628 1708 
2081 1298 1396 1515 1593 
2082 1335 1297 1565 1694 
2083 326 1179 1375 1658 
2084 1259 1354 1507 1550 
2085 743 587 1414 1643 
2086 1140 1344 1253 1732 
2087 1098 1042 451 1669 
2088 1312 1471 1392 1672 
2089 1377 1453 1302 1629 
2090 1224 1047 239 1571 
2091 1271 1472 1392 1479 
2092 1062 553 726 1413 
2093 401 293 1370 1513 
2094 1538 1542 1292 1617 
2095 1338 1589 1441 1652 
2096 879 1468 1359 1585 
2097 733 647 644 1346 
2098 1374 1449 1373 1616 
2099 374 482 1489 1551 
2100 906 1370 793 1513 
2101 448 290 461 1580 
2102 513 495 1396 1515 
2103 1329 1520 1514 1564 
2104 1297 1437 1413 1664 
2105 1292 1614 1365 1617 
2106 1313 1604 1415 1732 
2107 847 1327 1034 1693 
2108 286 427 366 1635 
2109 1361 1527 911 1545 
2110 397 1361 1513 1685 
2111 1371 1438 1432 1516 
2112 259 244 243 1454 
2113 853 1584 851 1630 
2114 1181 1155 1044 1583 
2115 1288 1392 1471 1672 
2116 1318 1505 1372 1563 
2117 390 522 1388 1464 
2118 629 1458 755 1540 
2119 984 840 1462 1470 
2120 1297 1413 1428 1659 
2121 889 1474 1352 1552 
2122 482 1364 1551 1699 
2123 345 1384 347 1465 
2124 494 1463 1389 1597 
2125 1461 1535 1303 1607 
2126 847 968 1034 1327 
2127 451 292 1098 1669 
2128 486 1503 1365 1554 
2129 1358 1475 393 1543 
2130 1054 1406 690 1700 
2131 333 1530 1331 1622 
2132 1008 1390 1484 1677 
2133 957 795 428 1667 
2134 925 923 1386 1467 
2135 860 987 1598 1697 
2136 491 492 338 1555 
2137 658 1357 1535 1553 
2138 1342 1471 1587 1672 
2139 1335 1521 1522 1565 
2140 1543 1544 1286 1618 
2141 844 1384 842 1470 
2142 1317 1503 1370 1562 
2143 1373 1449 1429 1645 
2144 1105 1230 1102 1347 
2145 1368 1447 849 1693 
2146 1371 1507 1319 1567 
2147 1403 1519 1294 1524 
2148 1411 1586 1315 1734 
2149 1457 1534 1300 1612 
2150 393 1475 1358 1527 
2151 868 1519 1023 1670 
2152 1449 1568 1429 1645 
2153 1351 1607 1292 1617 
2154 1308 1597 1412 1733 
2155 1399 1517 1293 1518 
2156 1293 1514 1404 1520 
2157 1289 1555 1385 1619 
2158 410 407 1386 1469 
2159 496 1463 344 1465 
2160 1290 1363 1567 1611 
2161 883 1474 1360 1529 
2162 1290 1363 1438 1567 
2163 1287 1430 1420 1615 
2164 1292 1538 1386 1542 
2165 1303 1533 1461 1614 
2166 513 1515 1396 1584 
2167 1402 1521 1294 1522 
2168 754 755 629 1458 
2169 757 1473 1394 1506 
2170 1297 1330 1559 1646 
2171 1336 1504 1548 1559 
2172 907 1513 1436 1648 
2173 499 1522 478 1679 
2174 397 1361 1475 1527 
2175 1354 1608 1286 1618 
2176 1259 1152 1507 1544 
2177 1327 1476 1331 1530 
2178 738 1433 581 1612 
2179 1466 1473 1296 1592 
2180 1367 1612 1289 1619 
2181 1297 1413 1437 1695 
2182 401 1513 1370 1689 
2183 1012 1630 1447 1704 
2184 1303 1383 1607 1617 
2185 746 593 1443 1609 
2186 1078 1339 576 1541 
2187 1195 736 1407 1644 
2188 1296 1488 1483 1589 
2189 1289 1433 1380 1612 
2190 1300 1624 1539 1692 
2191 986 1333 868 1670 
2192 513 476 1515 1581 
2193 1286 1543 1388 1544 
2194 401 399 1513 1689 
2195 1302 1358 1545 1620 
2196 996 1499 1357 1553 
2197 510 1356 1516 1689 
2198 1012 1447 1621 1704 
2199 1136 1137 1440 1623 
2200 1394 1482 1255 1483 
2201 1354 1550 1259 1707 
2202 505 1391 1481 1488 
2203 501 1397 1477 1690 
2204 1300 1380 1612 1619 
2205 1363 1507 1159 1642 
2206 393 1527 1358 1706 
2207 1100 1389 1101 1479 
2208 879 878 1468 1585 
2209 416 1404 1514 1671 
2210 1286 1608 1376 1618 
2211 1352 1529 889 1705 
2212 1292 1444 1383 1607 
2213 1289 1459 1385 1460 
2214 1367 1500 834 1557 
2215 1500 1557 1366 1697 
2216 602 1393 600 1478 
2217 1392 1472 1239 1603 
2218 569 1398 803 1680 
2219 1350 1477 480 1578 
2220 438 1371 508 1516 
2221 749 1471 1392 1603 
2222 1331 1530 333 1531 
2223 502 1448 369 1724 
2224 1302 1453 1376 1729 
2225 1153 1507 1583 1642 
2226 1245 1539 1457 1595 
2227 1287 1575 1381 1615 
2228 1410 1484 891 1552 
2229 1339 1452 1451 1541 
2230 289 961 1385 1606 
2231 748 1471 603 1478 
2232 379 377 1390 1494 
2233 1061 691 1189 1511 
2234 560 691 1061 1511 
2235 1208 1074 705 1655 
2236 1380 1300 1612 1692 
2237 1055 442 1397 1681 
2238 1378 1443 1295 1609 
2239 1362 1419 1455 1723 
2240 1301 1382 1588 1625 
2241 1297 1559 1330 1656 
2242 815 316 1400 1663 
2243 1104 1472 1271 1479 
2244 486 1554 1365 1703 
2245 1499 1582 949 1648 
2246 705 1074 546 1655 
2247 614 1334 617 1680 
2248 951 952 1426 1635 
2249 848 1447 850 1630 
2250 1443 1511 1306 1643 
2251 1006 1332 1002 1675 
2252 379 1494 1390 1677 
2253 1176 1329 1174 1671 
2254 504 1481 1391 1604 
2255 1359 1468 1398 1509 
2256 1416 1441 1338 1722 
2257 509 1432 400 1516 
2258 1237 1212 1060 1692 
2259 1141 1391 1143 1482 
2260 509 400 510 1516 
2261 1147 1388 1149 1480 
2262 1249 1537 1458 1594 
2263 1318 1385 1555 1619 
2264 314 957 428 1667 
2265 284 272 1547 1622 
2266 676 674 1332 1675 
2267 1292 1607 1383 1617 
2268 347 1465 1384 1601 
2269 991 995 1334 1646 
2270 676 1332 1451 1572 
2271 1297 1546 1425 1694 
2272 334 289 961 1657 
2273 844 1384 1470 1601 
2274 1025 833 834 1556 
2275 961 823 334 1657 
2276 1273 1230 1347 1570 
2277 678 1374 679 1572 
2278 1240 1282 1558 1716 
2279 1176 1452 1329 1573 
2280 1327 1476 283 1536 
2281 1386 1467 923 1600 
2282 1300 1457 1378 1609 
2283 1296 1466 1395 1473 
2284 584 585 1621 1637 
2285 1179 1375 1178 1573 
2286 1008 1484 997 1677 
2287 862 432 1401 1661 
2288 1252 1440 1382 1623 
2289 1297 1336 1559 1656 
2290 1289 1612 1380 1619 
2291 1287 1426 1448 1450 
2292 508 509 1516 1685 
2293 991 1334 995 1680 
2294 508 1516 1371 1685 
2295 1383 1445 1292 1614 
2296 343 1654 1337 1657 
2297 343 1337 336 1657 
2298 776 1324 1518 1644 
2299 410 1469 1386 1600 
2300 634 636 1410 1431 
2301 1274 1508 1409 1548 
2302 501 1477 480 1690 
2303 839 837 1337 1657 
2304 839 1337 1654 1657 
2305 379 1390 377 1677 
2306 1343 1486 1404 1497 
2307 1296 1391 1483 1488 
2308 1276 1438 1379 1640 
2309 901 1466 1387 1667 
2310 584 542 1368 1621 
2311 1349 1515 328 1581 
2312 517 500 1336 1656 
2313 1273 1570 1347 1647 
2314 680 612 614 1428 
2315 1297 1330 1425 1656 
2316 1289 1385 1556 1619 
2317 937 1399 566 1675 
2318 1065 1404 487 1671 
2319 1318 1556 1385 1619 
2320 1340 1491 1402 1495 
2321 1335 1679 359 1694 
2322 1263 1165 1445 1614 
2323 1301 1623 1382 1625 
2324 390 1464 1388 1626 
2325 911 1436 1361 1629 
2326 772 758 649 1608 
2327 1351 1499 943 1553 
2328 992 1395 1003 1490 
2329 725 722 1485 1673 
2330 616 765 1413 1666 
2331 449 1396 855 1584 
2332 600 1478 1393 1586 
2333 1326 1568 930 1663 
2334 438 294 508 1583 
2335 1160 1438 1356 1638 
2336 1160 1533 1356 1554 
2337 740 1347 707 1647 
2338 517 1336 500 1681 
2339 757 1506 1394 1674 
2340 1100 1389 1479 1597 
2341 792 539 577 1411 
2342 502 1489 1355 1724 
2343 1335 1437 1297 1546 
2344 551 1344 770 1569 
2345 539 792 974 1411 
2346 1039 459 305 1412 
2347 305 1079 1039 1412 
2348 1142 1255 1482 1483 
2349 1273 1347 1230 1647 
2350 1022 1345 1456 1630 
2351 707 1347 740 1570 
2352 1000 1436 1377 1649 
2353 431 457 489 1455 
2354 1356 1438 1562 1638 
2355 1003 1490 1395 1599 
2356 250 253 1485 1673 
2357 1381 1458 1301 1594 
2358 1409 1509 753 1549 
2359 1346 1256 1483 1674 
2360 763 1461 1535 1662 
2361 1286 1435 1376 1608 
2362 1500 1563 1372 1598 
2363 883 1529 1360 1708 
2364 984 843 840 1470 
2365 1217 1038 320 1651 
2366 320 433 1217 1651 
2367 740 744 1347 1647 
2368 1298 1396 1447 1693 
2369 431 1455 489 1715 
2370 1378 1457 1300 1595 
2371 499 1402 498 1491 
2372 1394 1473 757 1655 
2373 856 424 288 1654 
2374 757 642 1473 1506 
2375 768 1381 1430 1493 
2376 1330 1297 1446 1646 
2377 1023 1001 1403 1487 
2378 856 288 789 1654 
2379 1142 1144 1255 1483 
2380 381 482 376 1551 
2381 998 1399 999 1492 
2382 1004 1376 1441 1525 
2383 619 1549 1398 1680 
2384 1393 1470 1288 1471 
2385 1379 1438 1363 1640 
2386 1335 359 1679 1696 
2387 650 652 1453 1608 
2388 1316 1473 1466 1592 
2389 973 1403 688 1670 
2390 756 757 1473 1655 
2391 1109 1402 306 1679 
2392 496 494 344 1463 
2393 641 1473 1395 1579 
2394 992 1466 1395 1490 
2395 676 1451 678 1572 
2396 1363 1523 760 1550 
2397 761 1379 1512 1640 
2398 1253 1344 1053 1569 
2399 1176 1178 1452 1573 
2400 1344 1431 770 1569 
2401 283 267 1327 1632 
2402 1285 1323 1548 1559 
2403 689 1392 1057 1603 
2404 1357 1499 996 1648 
2405 1297 1325 1446 1565 
2406 1246 1434 1381 1493 
2407 551 770 1344 1655 
2408 1344 756 1473 1655 
2409 1413 1666 1270 1695 
2410 834 832 1500 1556 
2411 1072 769 1382 1569 
2412 467 940 1400 1709 
2413 1123 1397 1548 1681 
2414 496 344 346 1465 
2415 641 643 1395 1506 
2416 1141 1391 1482 1604 
2417 345 1463 1384 1465 
2418 1384 1462 842 1470 
2419 748 749 603 1471 
2420 1388 1480 1147 1626 
2421 963 1401 318 1711 
2422 807 1024 538 1650 
2423 1024 538 1393 1586 
2424 1288 1478 1392 1479 
2425 655 1611 760 1640 
2426 790 966 853 1424 
2427 951 787 952 1635 
2428 619 617 1549 1680 
2429 1323 752 1549 1636 
2430 522 1388 1464 1543 
2431 794 545 955 1525 
2432 1166 1423 1168 1445 
2433 1129 1127 1418 1434 
2434 768 1430 1381 1615 
2435 545 702 955 1525 
2436 710 1380 1212 1570 
2437 1232 1057 689 1647 
2438 473 532 1531 1566 
2439 445 291 446 1424 
2440 592 1422 590 1443 
2441 673 1496 1407 1518 
2442 1322 724 1610 1731 
2443 533 333 1530 1531 
2444 1004 1441 1376 1620 
2445 481 1185 519 1415 
2446 840 841 984 1462 
2447 1297 1425 1330 1446 
2448 1336 1504 1397 1548 
2449 847 1327 1566 1632 
2450 1185 1035 519 1415 
2451 247 1571 253 1673 
2452 1323 1549 752 1659 
2453 320 1389 1038 1597 
2454 1289 1442 1412 1624 
2455 574 721 724 1731 
2456 740 1347 1433 1570 
2457 510 1503 1356 1689 
2458 421 1501 1645 1720 
2459 343 437 1654 1657 
2460 488 416 1404 1486 
2461 757 733 1506 1674 
2462 623 625 1420 1430 
2463 827 575 679 1572 
2464 1176 1573 1329 1671 
2465 1299 1324 1451 1452 
2466 1331 1530 266 1622 
2467 1077 326 1179 1573 
2468 1123 1548 1120 1681 
2469 1302 1523 1453 1611 
2470 1417 1444 1341 1467 
2471 1247 1439 1378 1511 
2472 1483 1488 1314 1589 
2473 751 1502 1406 1524 
2474 1104 1239 1271 1472 
2475 761 655 760 1640 
2476 639 1473 641 1579 
2477 1281 1339 1078 1541 
2478 1312 1392 1472 1672 
2479 505 1481 383 1488 
2480 576 1339 781 1541 
2481 676 1332 1572 1675 
2482 1377 1436 1357 1649 
2483 839 1654 950 1657 
2484 1398 1498 1334 1549 
2485 1006 1032 1449 1572 
2486 1290 1361 1432 1436 
2487 329 1531 1408 1669 
2488 501 1477 1397 1504 
2489 1387 1490 901 1678 
2490 1125 1123 1397 1508 
2491 901 975 1466 1667 
2492 616 1666 1413 1691 
2493 1323 1285 1549 1559 
2494 1122 1323 1548 1636 
2495 1122 1548 1323 1664 
2496 1014 1398 1468 1498 
2497 535 946 820 1410 
2498 1000 908 1436 1648 
2499 1092 1419 1094 1439 
2500 1331 1476 1322 1547 
2501 343 336 437 1657 
2502 1324 1267 1520 1644 
2503 1287 1448 1369 1450 
2504 492 1505 339 1555 
2505 1012 1447 1011 1621 
2506 1395 1466 992 1579 
2507 602 1471 1393 1478 
2508 1235 1507 1159 1550 
2509 946 535 686 1410 
2510 847 968 1327 1632 
2511 896 901 1490 1678 
2512 1053 1344 1253 1655 
2513 1246 1381 1186 1493 
2514 1227 1339 1571 1673 
2515 1361 1545 911 1629 
2516 932 1449 934 1568 
2517 359 1335 1694 1696 
2518 879 1014 1398 1468 
2519 1291 1623 1364 1625 
2520 727 1328 1524 1666 
2521 1438 1567 1363 1642 
2522 455 1391 1207 1604 
2523 1338 1441 1416 1464 
2524 664 667 1417 1444 
2525 839 950 837 1657 
2526 513 1396 495 1584 
2527 386 1338 1488 1678 
2528 1406 1495 1269 1521 
2529 1396 1515 495 1531 
2530 1414 1634 743 1643 
2531 1266 1407 1497 1520 
2532 740 707 744 1647 
2533 1389 1472 1101 1479 
2534 998 1399 1492 1686 
2535 621 1398 619 1509 
2536 741 745 1457 1609 
2537 498 1491 1402 1682 
2538 1328 1521 1119 1695 
2539 807 538 681 1650 
2540 1458 1540 1301 1588 
2541 1425 1546 1297 1656 
2542 421 1501 1429 1645 
2543 500 1336 1504 1681 
2544 922 312 1386 1600 
2545 284 1476 1547 1731 
2546 727 1524 1328 1691 
2547 1230 1442 1347 1570 
2548 1232 689 570 1647 
2549 1253 1440 1344 1569 
2550 1269 1406 1236 1495 
2551 1282 1322 1558 1716 
2552 1328 1119 1521 1666 
2553 1097 1539 1245 1595 
2554 1266 1407 1265 1497 
2555 424 1384 856 1601 
2556 1237 1380 1212 1692 
2557 1403 1487 1001 1683 
2558 1344 1569 551 1655 
2559 745 1378 1457 1609 
2560 1286 1618 1376 1620 
2561 1336 1297 1437 1546 
2562 1132 1537 1249 1594 
2563 1369 1448 1426 1450 
2564 1334 991 1498 1680 
2565 725 1485 1339 1673 
2566 1323 1636 1122 1664 
2567 365 480 1477 1578 
2568 1125 1508 1397 1690 
2569 601 748 603 1478 
2570 1391 1488 505 1576 
2571 488 1486 1404 1676 
2572 1366 1563 1500 1598 
2573 991 1334 1498 1646 
2574 1395 1506 643 1599 
2575 509 1432 1516 1685 
2576 368 1426 1448 1578 
2577 822 1395 685 1599 
2578 1295 1422 1456 1598 
2579 959 1416 897 1441 
2580 647 772 646 1421 
2581 1143 1483 1391 1576 
2582 1025 1411 1021 1459 
2583 782 724 1322 1637 
2584 1325 1577 863 1661 
2585 473 1531 1530 1566 
2586 750 1406 751 1502 
2587 773 1200 1050 1526 
2588 1103 1104 1271 1479 
2589 666 1444 1383 1526 
2590 1228 1270 1413 1666 
2591 943 1016 1499 1542 
2592 756 1344 770 1655 
2593 500 1504 1336 1656 
2594 507 1583 1475 1685 
2595 368 366 1426 1578 
2596 1377 1512 1290 1611 
2597 382 1348 379 1677 
2598 1348 1466 1316 1484 
2599 1156 1438 1276 1642 
2600 986 1574 1333 1670 
2601 1436 1513 1370 1648 
2602 1223 1283 1547 1622 
2603 457 1455 1419 1581 
2604 984 1393 841 1586 
2605 1404 1514 1329 1520 
2606 640 757 642 1473 
2607 996 1553 1357 1649 
2608 1363 1550 760 1640 
2609 1398 1509 621 1687 
2610 900 1466 992 1490 
2611 1395 1473 641 1506 
2612 879 1468 1398 1687 
2613 752 1636 1323 1659 
2614 552 1381 768 1493 
2615 1323 1336 1559 1664 
2616 1334 1574 995 1680 
2617 1299 1449 1332 1564 
2618 976 879 1359 1585 
2619 1227 1571 1224 1673 
2620 1143 1482 1391 1483 
2621 1361 1290 1432 1567 
2622 580 1557 1534 1717 
2623 1112 1221 1402 1495 
2624 1006 1572 1332 1675 
2625 1053 1569 1344 1655 
2626 1333 1519 1403 1524 
2627 1347 1570 707 1647 
2628 1394 1655 546 1674 
2629 526 1329 1514 1713 
2630 399 1432 1513 1689 
2631 646 1421 772 1435 
2632 1253 1344 1254 1655 
2633 448 291 790 1424 
2634 1332 1451 1299 1564 
2635 790 964 448 1424 
2636 1074 1655 1394 1674 
2637 492 514 1505 1528 
2638 417 1326 1514 1663 
2639 1387 1466 901 1490 
2640 1078 576 701 1541 
2641 1332 1517 1399 1518 
2642 743 587 742 1414 
2643 556 1406 1229 1666 
2644 518 1448 1418 1578 
2645 835 1385 1459 1657 
2646 737 1407 673 1496 
2647 1170 1404 1172 1497 
2648 1289 1619 1380 1624 
2649 1394 1473 1344 1482 
2650 574 724 1561 1731 
2651 1335 1521 1402 1522 
2652 1251 1457 1378 1595 
2653 669 671 1399 1496 
2654 335 1460 1385 1657 
2655 1326 930 1517 1663 
2656 1378 1443 746 1511 
2657 1534 1557 1367 1717 
2658 522 1464 389 1543 
2659 454 880 1405 1665 
2660 333 1331 1531 1669 
2661 1346 1483 1314 1589 
2662 384 1481 1387 1488 
2663 1273 707 1570 1647 
2664 480 370 1350 1578 
2665 1314 1464 1338 1488 
2666 608 1403 606 1502 
2667 1367 1557 834 1717 
2668 431 1505 1362 1715 
2669 1359 1420 1585 1596 
2670 1325 863 1519 1661 
2671 884 889 1474 1529 
2672 1322 1547 1226 1558 
2673 384 1387 1481 1667 
2674 478 359 1679 1694 
2675 1240 1510 1414 1558 
2676 1320 1390 1551 1552 
2677 981 1450 1426 1585 
2678 1367 834 1556 1717 
2679 328 330 1349 1581 
2680 835 1459 837 1657 
2681 397 1475 1361 1685 
2682 382 1667 1348 1677 
2683 848 850 851 1630 
2684 836 1025 1021 1459 
2685 1307 1590 1444 1660 
2686 336 1460 335 1657 
2687 1330 1631 873 1646 
2688 1248 1458 1381 1594 
2689 1287 1430 1381 1434 
2690 883 1360 1474 1726 
2691 1291 1382 1623 1625 
2692 975 1348 1466 1667 
2693 1387 1667 428 1678 
2694 1143 1145 1483 1576 
2695 638 1431 1382 1569 
2696 1125 1397 1123 1690 
2697 670 1496 673 1518 
2698 1457 1539 1245 1692 
2699 1424 1455 447 1581 
2700 581 598 578 1433 
2701 390 389 522 1464 
2702 1427 1447 1345 1704 
2703 1255 1482 1394 1655 
2704 511 1503 486 1554 
2705 585 1427 1621 1637 
2706 1402 1495 1221 1682 
2707 968 273 825 1536 
2708 510 1503 511 1554 
2709 1240 1558 1414 1716 
2710 1382 1440 1291 1623 
2711 1385 1459 1337 1460 
2712 804 568 1403 1683 
2713 1031 857 1368 1633 
2714 384 1481 382 1667 
2715 1322 1610 724 1716 
2716 333 1531 329 1669 
2717 1255 1144 1256 1483 
2718 1226 1322 1282 1716 
2719 782 1322 724 1716 
2720 874 1468 1405 1498 
2721 434 1402 1211 1682 
2722 795 1667 1387 1678 
2723 606 1502 1403 1683 
2724 1022 1012 1345 1630 
2725 1153 1583 1155 1642 
2726 758 1550 1523 1707 
2727 1341 1444 1307 1590 
2728 1363 1640 1438 1642 
2729 1405 1477 362 1504 
2730 1371 1475 1319 1583 
2731 1533 1554 1164 1703 
2732 799 717 1399 1686 
2733 900 901 1466 1490 
2734 977 992 1466 1579 
2735 886 1474 889 1552 
2736 753 618 752 1549 
2737 359 1694 1546 1696 
2738 471 1530 533 1622 
2739 517 1336 1681 1721 
2740 669 1496 1399 1686 
2741 493 1412 491 1460 
2742 379 1348 1494 1677 
2743 360 1631 1330 1656 
2744 869 1401 871 1487 
2745 1014 1468 876 1498 
2746 883 884 1474 1529 
2747 1299 1326 1429 1449 
2748 518 367 1448 1578 
2749 1252 1136 1440 1623 
2750 1274 1124 1508 1548 
2751 1255 1254 1482 1655 
2752 247 239 253 1571 
2753 924 928 1400 1492 
2754 1383 1445 1263 1526 
2755 1411 1433 578 1734 
2756 1080 1442 1412 1733 
2757 412 1400 414 1486 
2758 560 1378 746 1511 
2759 1061 1247 1378 1511 
2760 1142 1482 1143 1483 
2761 649 646 772 1435 
2762 330 457 1419 1581 
2763 394 393 1475 1543 
2764 575 678 679 1572 
2765 1436 1648 1357 1649 
2766 349 1401 351 1491 
2767 1309 1441 1338 1589 
2768 1344 1473 1316 1592 
2769 1422 1295 1456 1639 
2770 1404 1486 416 1514 
2771 1302 1620 1545 1729 
2772 505 504 383 1481 
2773 1299 1429 1373 1449 
2774 1077 1179 1178 1573 
2775 742 1637 782 1716 
2776 1008 1484 1390 1552 
2777 1329 526 1514 1671 
2778 773 1050 734 1526 
2779 631 1540 755 1588 
2780 943 1351 1553 1712 
2781 395 1475 393 1527 
2782 1288 1472 1392 1672 
2783 648 1376 702 1525 
2784 1238 1442 1380 1624 
2785 1404 1497 1170 1676 
2786 1409 1548 1323 1636 
2787 484 505 1488 1576 
2788 900 901 902 1466 
2789 1274 1121 1124 1548 
2790 1451 1452 1324 1541 
2791 414 1486 1400 1514 
2792 1090 1510 1408 1688 
2793 493 491 341 1460 
2794 979 1420 1450 1585 
2795 1133 1131 1532 1537 
2796 1400 1492 928 1517 
2797 1316 1344 1592 1684 
2798 1348 1667 975 1677 
2799 1309 1441 1589 1652 
2800 1259 1507 1235 1550 
2801 1323 1549 1409 1636 
2802 879 1398 1014 1687 
2803 1453 1523 1302 1608 
2804 658 1535 660 1553 
2805 1000 1377 1436 1629 
2806 662 1553 1535 1712 
2807 363 1477 501 1504 
2808 1311 1590 1486 1660 
2809 1159 1550 1363 1640 
2810 496 1389 1465 1651 
2811 1486 1590 1343 1660 
2812 869 1401 1487 1519 
2813 397 1475 395 1527 
2814 351 1491 1401 1522 
2815 1316 1395 1466 1473 
2816 642 641 1473 1506 
2817 1008 1552 1390 1613 
2818 1317 1499 1370 1582 
2819 913 911 1527 1545 
2820 284 266 272 1622 
2821 1546 1694 1335 1696 
2822 1378 1439 1295 1443 
2823 1361 1567 1432 1685 
2824 1121 1274 1122 1548 
2825 377 1390 1551 1613 
2826 407 1386 1469 1538 
2827 1000 996 1648 1649 
2828 1376 1435 648 1608 
2829 499 1402 1491 1522 
2830 446 1424 447 1581 
2831 1384 1288 1463 1591 
2832 1311 1486 1343 1660 
2833 1230 1347 1105 1647 
2834 1384 1462 1288 1591 
2835 565 732 1206 1421 
2836 1370 1503 1317 1582 
2837 1330 360 1504 1665 
2838 1372 1505 1318 1580 
2839 1356 1290 1432 1562 
2840 925 1467 1386 1542 
2841 739 582 741 1612 
2842 1118 1269 1495 1521 
2843 634 633 635 1431 
2844 1348 997 1484 1677 
2845 619 1398 621 1687 
2846 873 1330 1498 1665 
2847 1318 1500 1372 1580 
2848 1266 1497 1171 1520 
2849 1261 1533 1461 1638 
2850 1137 1440 1415 1732 
2851 1290 1512 1357 1562 
2852 873 1498 1330 1646 
2853 1023 1487 1403 1519 
2854 265 266 1530 1622 
2855 383 1481 384 1488 
2856 906 949 1582 1648 
2857 494 1389 496 1597 
2858 607 1502 751 1524 
2859 1422 1443 1295 1639 
2860 1314 1589 1464 1652 
2861 1299 1326 1449 1564 
2862 1330 1504 360 1656 
2863 488 1343 1486 1676 
2864 1324 1299 1451 1564 
2865 982 1341 1467 1730 
2866 874 877 1405 1468 
2867 738 1433 1380 1570 
2868 1200 1383 1263 1526 
2869 364 362 1405 1477 
2870 878 877 1468 1585 
2871 667 1341 669 1686 
2872 732 1045 1206 1421 
2873 995 1574 1334 1646 
2874 604 1342 606 1683 
2875 1221 1340 1209 1682 
2876 998 1492 1341 1686 
2877 1274 1242 1409 1508 
2878 498 1340 1491 1682 
2879 1342 1001 1487 1683 
2880 1304 1596 1509 1641 
2881 1231 1409 698 1636 
2882 1149 1480 1388 1544 
2883 522 315 483 1388 
2884 1317 1542 1538 1617 
2885 760 1523 1363 1611 
2886 1408 1515 328 1688 
2887 634 635 636 1431 
2888 1432 1513 1361 1685 
2889 1392 1478 748 1647 
2890 403 1582 1503 1689 
2891 984 1470 1393 1650 
2892 1348 1466 1387 1592 
2893 1245 1457 1251 1595 
2894 1370 1562 1436 1648 
2895 1238 1380 1442 1570 
2896 1096 1528 1218 1539 
2897 1265 1497 1407 1628 
2898 1303 1357 1535 1662 
2899 1343 525 1469 1714 
2900 1261 1163 1262 1614 
2901 1257 1256 1346 1710 
2902 723 1374 1485 1653 
2903 496 1465 497 1651 
2904 721 1610 724 1731 
2905 812 695 1553 1649 
2906 1383 1444 1292 1445 
2907 553 767 1413 1636 
2908 666 1383 773 1526 
2909 1130 1128 1129 1434 
2910 1384 1463 345 1654 
2911 1136 1137 1138 1440 
2912 1348 1387 1481 1592 
2913 1004 955 1376 1525 
2914 1319 1507 1371 1583 
2915 999 1492 1399 1517 
2916 1169 1167 1168 1445 
2917 896 1338 897 1722 
2918 812 1553 996 1649 
2919 892 891 1484 1552 
2920 1349 1439 1306 1723 
2921 602 1393 1471 1650 
2922 842 1462 1384 1654 
2923 370 518 1418 1578 
2924 1337 837 1459 1657 
2925 495 310 449 1396 
2926 1345 1447 1630 1704 
2927 336 1337 1460 1657 
2928 860 1022 1422 1456 
2929 1236 1495 1406 1700 
2930 1325 1425 1297 1446 
2931 632 1529 630 1540 
2932 1290 1432 1370 1436 
2933 729 753 1409 1509 
2934 1053 551 1569 1655 
2935 1327 847 1566 1693 
2936 1337 1460 1308 1463 
2937 1011 1447 1031 1621 
2938 858 1424 1456 1598 
2939 741 596 745 1609 
2940 1197 1068 523 1423 
2941 1315 1459 1337 1462 
2942 1260 1461 1379 1638 
2943 309 1204 1041 1419 
2944 874 1498 1405 1665 
2945 1346 1480 1314 1483 
2946 388 1338 386 1722 
2947 364 365 1477 1578 
2948 347 1384 345 1601 
2949 1069 479 302 1418 
2950 723 1374 678 1485 
2951 981 1426 952 1585 
2952 761 1379 657 1512 
2953 1359 621 1509 1687 
2954 505 296 455 1391 
2955 836 1459 835 1556 
2956 517 1336 1546 1656 
2957 504 1391 505 1604 
2958 1233 1272 1413 1636 
2959 410 1386 407 1600 
2960 744 748 1478 1647 
2961 1413 1636 767 1659 
2962 1329 1326 1514 1713 
2963 986 1013 1574 1670 
2964 1090 1087 1408 1510 
2965 984 1393 1024 1650 
2966 925 1386 923 1600 
2967 544 760 1550 1640 
2968 750 1406 1502 1700 
2969 309 1041 435 1419 
2970 1340 497 1465 1651 
2971 1241 1414 1240 1510 
2972 525 1343 488 1714 
2973 747 743 1634 1643 
2974 335 1460 341 1555 
2975 1249 1458 1248 1594 
2976 657 1379 761 1662 
2977 1202 479 1069 1418 
2978 998 1341 982 1686 
2979 1092 1349 1090 1688 
2980 842 1384 844 1601 
2981 1170 1343 1168 1714 
2982 362 1405 1504 1665 
2983 670 737 673 1496 
2984 1010 1342 1470 1650 
2985 1101 1472 1389 1651 
2986 873 1498 874 1665 
2987 997 1348 975 1677 
2988 996 980 1499 1553 
2989 497 1340 498 1682 
2990 517 1546 1336 1721 
2991 881 995 1574 1680 
2992 1349 1306 1593 1723 
2993 974 539 1411 1717 
2994 835 1459 1385 1556 
2995 470 297 241 1501 
2996 657 1512 1379 1662 
2997 1090 1349 1510 1688 
2998 1349 328 1515 1688 
2999 1379 1438 1276 1638 
3000 1149 1388 1147 1626 
3001 1382 1440 1252 1569 
3002 1302 1361 1567 1629 
3003 1286 1421 1480 1652 
3004 1271 1479 1392 1647 
3005 1001 1342 1010 1683 
3006 871 1487 1401 1711 
3007 362 1504 360 1665 
3008 1002 1332 1517 1675 
3009 1082 1353 1539 1701 
3010 908 1000 996 1648 
3011 1423 1292 1469 1660 
3012 1160 1356 1533 1638 
3013 1319 1544 1543 1618 
3014 1135 1537 1532 1699 
3015 1401 1491 349 1711 
3016 748 749 1392 1603 
3017 490 447 1455 1581 
3018 1271 1392 1239 1603 
3019 335 1385 1555 1606 
3020 1385 1460 335 1555 
3021 1020 1552 1008 1613 
3022 541 1026 990 1422 
3023 667 1341 1686 1730 
3024 1332 674 1518 1675 
3025 835 1556 1385 1606 
3026 1125 1350 1508 1690 
3027 924 1492 1400 1709 
3028 1022 1345 1012 1704 
3029 602 1471 604 1650 
3030 1320 1474 1369 1560 
3031 1026 541 708 1422 
3032 647 1346 733 1710 
3033 1266 1265 1171 1497 
3034 1412 1442 1080 1624 
3035 1400 1486 412 1709 
3036 1101 1389 1100 1597 
3037 343 345 1463 1654 
3038 1314 1346 1589 1652 
3039 733 1346 1506 1674 
3040 377 1551 375 1613 
3041 872 454 319 1665 
3042 1299 1324 1452 1564 
3043 1148 1480 1149 1544 
3044 868 1333 1519 1670 
3045 454 872 880 1665 
3046 1174 1329 1520 1671 
3047 941 575 827 1572 
3048 842 839 1462 1654 
3049 1010 1470 984 1650 
3050 488 1404 416 1676 
3051 988 834 1500 1557 
3052 962 873 1631 1646 
3053 1077 450 326 1573 
3054 1141 1143 1391 1604 
3055 1407 1496 737 1628 
3056 1110 1335 1521 1679 
3057 328 1349 330 1688 
3058 726 616 765 1413 
3059 1333 610 1524 1670 
3060 1082 1539 1528 1701 
3061 1257 1346 1480 1710 
3062 333 1622 1331 1669 
3063 1199 1281 1078 1541 
3064 576 781 701 1541 
3065 641 1395 643 1599 
3066 1314 1483 1391 1488 
3067 413 416 1486 1514 
3068 335 1555 337 1606 
3069 1358 1620 1416 1706 
3070 1366 1300 1563 1609 
3071 329 328 1408 1515 
3072 1031 972 857 1633 
3073 744 1478 1347 1647 
3074 600 1393 602 1586 
3075 1345 1639 1593 1643 
3076 835 830 1556 1606 
3077 1160 1438 1157 1516 
3078 1369 1489 1320 1560 
3079 1379 1303 1638 1662 
3080 742 1414 1637 1716 
3081 1269 1236 1118 1495 
3082 360 357 1631 1656 
3083 523 485 1197 1423 
3084 669 1341 1496 1686 
3085 833 836 835 1556 
3086 1387 1466 1296 1592 
3087 1254 1344 1482 1655 
3088 1290 1436 1370 1562 
3089 1376 1435 1286 1441 
3090 1298 1414 1510 1558 
3091 1105 1347 1479 1647 
3092 320 1389 496 1651 
3093 1387 1296 1481 1592 
3094 1209 1472 1101 1651 
3095 892 1484 1008 1552 
3096 976 878 879 1585 
3097 750 751 607 1502 
3098 1332 1449 1326 1564 
3099 1227 1047 1224 1571 
3100 1368 1536 972 1633 
3101 534 420 1429 1501 
3102 1313 1481 1348 1494 
3103 385 383 384 1488 
3104 409 525 1423 1469 
3105 1328 1335 1521 1695 
3106 640 756 757 1473 
3107 993 943 944 1542 
3108 628 1360 1540 1708 
3109 1286 1435 1421 1652 
3110 1340 1221 1495 1682 
3111 606 1342 1502 1683 
3112 1276 1640 1159 1642 
3113 1322 782 1637 1716 
3114 900 902 992 1466 
3115 1142 1143 1144 1483 
3116 1003 1395 992 1599 
3117 1409 1508 1242 1627 
3118 816 295 956 1416 
3119 1345 1630 1593 1639 
3120 1226 1610 1322 1716 
3121 1311 1467 1590 1660 
3122 295 816 452 1416 
3123 390 1388 522 1626 
3124 1414 1510 1241 1634 
3125 942 700 800 1417 
3126 1371 1432 1290 1567 
3127 1032 827 1374 1572 
3128 747 1443 589 1643 
3129 531 1375 326 1573 
3130 628 1540 1360 1615 
3131 589 1443 590 1643 
3132 1324 1451 1332 1564 
3133 1053 1253 1254 1655 
3134 621 1359 623 1719 
3135 1461 1638 1303 1662 
3136 1338 896 1490 1678 
3137 689 1392 748 1647 
3138 338 335 341 1555 
3139 534 474 420 1501 
3140 1082 1539 1353 1624 
3141 562 800 700 1417 
3142 1017 1467 925 1542 
3143 1427 1621 1447 1704 
3144 1034 1536 972 1693 
3145 979 976 1420 1585 
3146 892 890 891 1552 
3147 1000 1436 910 1629 
3148 407 1469 408 1538 
3149 1368 1621 1427 1637 
3150 979 883 887 1450 
3151 1093 1094 1095 1439 
3152 1370 1582 1499 1648 
3153 1371 1567 1475 1685 
3154 1127 1350 1125 1718 
3155 809 684 716 1420 
3156 982 1686 1341 1730 
3157 1092 1349 1688 1728 
3158 591 592 590 1443 
3159 722 250 1485 1673 
3160 470 1501 241 1658 
3161 1300 1534 1457 1609 
3162 457 490 1455 1581 
3163 727 1328 1666 1691 
3164 658 1512 1357 1649 
3165 591 593 592 1443 
3166 1355 1287 1448 1575 
3167 1382 1431 1291 1440 
3168 1066 1149 1220 1388 
3169 907 911 1436 1513 
3170 1359 1430 1420 1596 
3171 725 784 677 1485 
3172 1331 1622 1086 1669 
3173 1475 1583 1371 1685 
3174 1039 459 1412 1701 
3175 584 1561 1368 1633 
3176 635 637 636 1431 
3177 1423 1445 1292 1660 
3178 1046 1143 1207 1391 
3179 1350 480 1477 1690 
3180 1338 388 1464 1722 
3181 947 925 922 1386 
3182 564 641 685 1395 
3183 1365 1554 1533 1703 
3184 534 1429 421 1501 
3185 1342 1470 1310 1487 
3186 1266 1173 1267 1520 
3187 876 1468 874 1498 
3188 1303 1356 1562 1638 
3189 464 1580 1505 1715 
3190 1371 1583 1507 1642 
3191 1491 1587 1340 1672 
3192 1316 1592 1484 1684 
3193 1356 1438 1290 1562 
3194 807 984 1024 1650 
3195 1332 1451 1324 1518 
3196 505 383 385 1488 
3197 364 1477 1405 1635 
3198 1086 1283 1223 1622 
3199 320 496 433 1651 
3200 1320 1474 1352 1625 
3201 1172 1404 1170 1676 
3202 444 312 407 1386 
3203 1057 1271 1392 1647 
3204 851 848 1396 1584 
3205 915 1358 1545 1706 
3206 1167 1166 1168 1445 
3207 1301 1355 1575 1594 
3208 1129 1128 1127 1434 
3209 1432 1516 1356 1689 
3210 1324 1452 1329 1520 
3211 1405 1468 877 1635 
3212 329 1515 1408 1531 
3213 1343 1170 1497 1676 
3214 1294 1403 1502 1587 
3215 848 1447 1396 1693 
3216 446 447 490 1581 
3217 860 1456 1422 1598 
3218 870 1487 1023 1519 
3219 1432 1567 1371 1685 
3220 1523 1550 1354 1707 
3221 1299 1452 1329 1564 
3222 839 1337 1462 1654 
3223 1310 1587 1491 1672 
3224 879 1359 1468 1687 
3225 900 992 1003 1490 
3226 1353 1624 1412 1701 
3227 1294 1487 1403 1587 
3228 1257 1258 1421 1480 
3229 1285 1508 1397 1548 
3230 729 1509 1409 1627 
3231 1348 382 1481 1667 
3232 640 642 641 1473 
3233 809 716 882 1420 
3234 480 1350 370 1718 
3235 1375 1573 531 1713 
3236 1330 1631 360 1665 
3237 333 471 533 1622 
3238 1035 519 1415 1699 
3239 589 591 590 1443 
3240 1337 343 1463 1654 
3241 623 624 625 1430 
3242 1505 1580 1372 1715 
3243 1429 1501 1373 1645 
3244 660 1535 662 1553 
3245 1353 1555 1289 1619 
3246 873 1631 1330 1665 
3247 421 472 1501 1720 
3248 265 1530 471 1622 
3249 1160 1162 1533 1554 
3250 1275 1550 1159 1640 
3251 544 1550 1275 1640 
3252 980 943 1499 1553 
3253 1333 1328 1524 1691 
3254 1341 1467 1311 1492 
3255 1105 1479 1271 1647 
3256 858 1424 853 1456 
3257 764 781 1451 1541 
3258 1004 1441 899 1525 
3259 1268 1452 1281 1541 
3260 499 1491 350 1522 
3261 915 1545 1527 1706 
3262 1432 1436 1361 1513 
3263 999 1399 998 1686 
3264 551 756 770 1655 
3265 446 476 513 1581 
3266 1358 1475 1319 1618 
3267 1119 1666 1328 1695 
3268 1380 1433 1289 1442 
3269 1331 1086 1558 1669 
3270 1342 1470 1393 1471 
3271 1326 1449 1332 1517 
3272 958 822 992 1395 
3273 1408 1298 1515 1593 
3274 1324 1293 1520 1564 
3275 1243 1434 1246 1493 
3276 1293 1399 1496 1590 
3277 898 899 897 1441 
3278 363 362 1477 1504 
3279 1311 1469 1343 1486 
3280 953 1450 981 1585 
3281 1416 1441 959 1620 
3282 1408 1510 1298 1593 
3283 1420 1430 625 1615 
3284 1294 1325 1522 1565 
3285 1479 1591 1347 1668 
3286 775 668 665 1444 
3287 495 1515 331 1531 
3288 994 899 1441 1525 
3289 1308 1591 1479 1668 
3290 673 776 672 1518 
3291 1390 1494 377 1551 
3292 1342 604 1471 1650 
3293 1328 1294 1521 1565 
3294 1350 1434 1304 1727 
3295 488 413 416 1486 
3296 1293 1324 1518 1564 
3297 667 665 668 1444 
3298 1398 1509 1285 1549 
3299 576 1339 1078 1673 
3300 1209 1340 1472 1651 
3301 1293 1492 1399 1590 
3302 381 520 1415 1494 
3303 1327 1536 1034 1693 
3304 1128 1126 1127 1434 
3305 994 1004 899 1525 
3306 1289 1556 1367 1619 
3307 723 678 784 1485 
3308 1503 1582 1370 1689 
3309 1325 1294 1519 1565 
3310 1293 1326 1514 1564 
3311 758 759 1523 1550 
3312 1294 1328 1524 1565 
3313 578 1433 598 1734 
3314 1157 1155 1181 1516 
3315 689 748 570 1647 
3316 498 1402 499 1682 
3317 1326 1293 1517 1564 
3318 1308 1460 1591 1668 
3319 1365 1614 1303 1617 
3320 1008 892 997 1484 
3321 1340 1651 1209 1682 
3322 1304 1430 1359 1596 
3323 1406 1524 1328 1666 
3324 1244 1439 1247 1511 
3325 1023 1403 1001 1683 
3326 604 1650 1342 1683 
3327 1437 1664 1336 1721 
3328 982 1467 1417 1730 
3329 893 1484 1410 1725 
3330 915 1545 1358 1620 
3331 763 735 661 1607 
3332 572 1043 1379 1640 
3333 1233 1636 1413 1664 
3334 999 927 1492 1517 
3335 1286 1358 1618 1620 
3336 759 760 1523 1550 
3337 1313 1494 1592 1684 
3338 1112 1402 1221 1682 
3339 1423 1469 525 1714 
3340 818 466 427 1426 
3341 869 1487 870 1519 
3342 292 1098 1408 1688 
3343 414 413 1486 1514 
3344 535 1410 820 1705 
3345 1312 1471 1342 1502 
3346 243 1454 242 1501 
3347 1092 1094 1093 1439 
3348 1269 1117 1119 1521 
3349 1310 1470 1587 1672 
3350 652 1523 653 1611 
3351 1162 1164 1533 1554 
3352 1347 1591 1478 1668 
3353 1289 1353 1619 1624 
3354 1178 1571 1375 1658 
3355 370 367 518 1578 
3356 1474 1560 888 1726 
3357 476 328 1515 1581 
3358 268 283 267 1476 
3359 928 1492 927 1517 
3360 373 1560 1489 1724 
3361 1315 1591 1459 1668 
3362 678 1374 723 1653 
3363 1167 1165 1166 1445 
3364 1499 1562 1370 1648 
3365 1115 1664 1437 1721 
3366 1370 1513 1432 1689 
3367 669 1399 671 1686 
3368 1392 1478 1347 1479 
3369 887 1450 883 1726 
3370 1246 1128 1130 1434 
3371 606 1403 608 1683 
3372 944 1417 982 1467 
3373 330 1688 1349 1728 
3374 1106 1442 1080 1733 
3375 1363 1302 1567 1611 
3376 1474 1529 1352 1540 
3377 241 297 237 1501 
3378 1478 1591 1315 1668 
3379 671 1399 1496 1518 
3380 727 609 751 1524 
3381 1093 1247 1244 1439 
3382 855 791 848 1396 
3383 811 1377 715 1649 
3384 1328 1521 1406 1666 
3385 649 648 1435 1608 
3386 350 1491 351 1522 
3387 1170 1676 1343 1714 
3388 976 1359 879 1719 
3389 1093 1091 1092 1439 
3390 382 462 1667 1677 
3391 499 498 350 1491 
3392 1381 1434 1430 1493 
3393 1317 1365 1503 1617 
3394 1138 1440 1137 1732 
3395 1112 1495 1402 1521 
3396 651 1523 652 1608 
3397 600 1478 1586 1734 
3398 1316 1431 1344 1684 
3399 985 1014 803 1398 
3400 1172 1497 1404 1520 
3401 1353 1505 1318 1619 
3402 1403 1502 608 1524 
3403 1305 1593 1630 1639 
3404 1356 1303 1533 1638 
3405 1355 1575 1448 1724 
3406 1301 1588 1352 1625 
3407 860 854 1022 1456 
3408 1335 1679 1110 1696 
3409 524 416 487 1404 
3410 867 1446 865 1574 
3411 1243 1128 1246 1434 
3412 1156 1276 1159 1642 
3413 899 898 994 1441 
3414 673 774 736 1407 
3415 635 633 638 1431 
3416 1350 1304 1641 1727 
3417 891 1410 893 1484 
3418 1087 1408 1558 1669 
3419 775 1444 665 1526 
3420 1264 1263 1445 1526 
3421 368 1448 367 1578 
3422 1059 1246 1186 1493 
3423 1022 1456 852 1630 
3424 1535 1553 1351 1712 
3425 1365 1538 1292 1617 
3426 1095 1247 1093 1439 
3427 1340 1587 1495 1672 
3428 951 818 427 1426 
3429 1343 1676 488 1714 
3430 267 1530 1327 1632 
3431 648 1435 1376 1525 
3432 1014 875 991 1498 
3433 664 665 667 1444 
3434 1169 1264 1167 1445 
3435 623 622 624 1430 
3436 1274 1124 1242 1508 
3437 501 363 480 1477 
3438 1360 1529 1474 1540 
3439 1257 1480 1421 1710 
3440 746 1443 747 1511 
3441 1023 870 1001 1487 
3442 979 1450 953 1585 
3443 1475 1527 1361 1545 
3444 1371 1155 1583 1642 
3445 1312 1587 1471 1672 
3446 1286 1544 1354 1618 
3447 378 377 1494 1551 
3448 391 388 1416 1464 
3449 1342 1650 1010 1683 
3450 249 797 240 1616 
3451 706 1201 1414 1716 
3452 664 663 665 1444 
3453 497 1651 1340 1682 
3454 1228 1270 1062 1413 
3455 1081 1080 1412 1733 
3456 1302 1363 1523 1611 
3457 1256 1674 1346 1710 
3458 768 1430 627 1493 
3459 254 1454 244 1485 
3460 1324 1520 1407 1644 
3461 659 1535 658 1662 
3462 896 1678 1338 1722 
3463 1331 1327 1530 1531 
3464 284 268 1476 1731 
3465 1457 1539 1300 1595 
3466 382 379 462 1677 
3467 1373 1616 970 1720 
3468 1422 1598 1366 1697 
3469 1100 1597 1479 1733 
3470 1379 1638 1461 1662 
3471 760 1611 1363 1640 
3472 1407 1518 1324 1644 
3473 1416 1464 388 1722 
3474 731 1382 638 1588 
3475 1387 1296 1490 1589 
3476 1218 1528 1082 1539 
3477 421 472 534 1501 
3478 1343 1590 1497 1660 
3479 1468 1596 1321 1641 
3480 1089 1510 1240 1558 
3481 526 1671 1329 1713 
3482 501 500 361 1504 
3483 330 1581 1419 1728 
3484 768 624 627 1430 
3485 579 1411 578 1734 
3486 959 897 899 1441 
3487 666 665 1444 1526 
3488 1387 1488 1296 1589 
3489 879 876 1014 1468 
3490 925 1542 1386 1602 
3491 1246 1248 1381 1594 
3492 1291 1552 1352 1625 
3493 249 970 1616 1720 
3494 1439 1443 1378 1511 
3495 1388 1543 522 1605 
3496 1158 1276 1438 1638 
3497 1057 1232 1271 1647 
3498 1004 1376 1007 1620 
3499 1338 1678 386 1722 
3500 998 999 927 1492 
3501 1251 1378 1247 1595 
3502 407 1386 1538 1602 
3503 1358 1543 1286 1618 
3504 1458 1537 1301 1594 
3505 1364 1551 1291 1625 
3506 1135 1133 1532 1537 
3507 1489 1532 1355 1537 
3508 522 389 392 1543 
3509 925 1017 923 1467 
3510 1273 1230 1105 1647 
3511 768 1381 754 1615 
3512 666 775 665 1526 
3513 1226 1547 1322 1610 
3514 973 1023 804 1403 
3515 644 646 645 1435 
3516 1257 1148 1258 1480 
3517 906 1582 1370 1648 
3518 657 658 1512 1662 
3519 1292 1542 1351 1617 
3520 1006 1032 933 1449 
3521 1370 1436 1432 1513 
3522 1113 1119 1521 1695 
3523 710 1212 555 1570 
3524 1532 1537 1364 1699 
3525 738 598 581 1433 
3526 1444 1445 1383 1526 
3527 1360 1615 1420 1708 
3528 1049 1407 774 1628 
3529 1329 1452 1324 1564 
3530 393 392 391 1543 
3531 1255 1254 1142 1482 
3532 621 1687 1359 1719 
3533 1338 1488 1387 1589 
3534 1009 1453 1005 1629 
3535 1289 1460 1385 1555 
3536 1245 1251 1097 1595 
3537 283 273 267 1632 
3538 1238 1380 1237 1624 
3539 1397 1508 1123 1548 
3540 1495 1587 1312 1672 
3541 1350 1690 1125 1718 
3542 1289 1385 1459 1556 
3543 738 1380 710 1570 
3544 1323 1334 1549 1659 
3545 769 638 1382 1569 
3546 746 591 747 1443 
3547 735 1383 666 1607 
3548 480 365 370 1578 
3549 434 499 306 1402 
3550 1132 1249 1248 1594 
3551 1149 1544 1388 1605 
3552 761 1379 762 1662 
3553 496 346 497 1465 
3554 1362 1295 1455 1563 
3555 738 739 1380 1612 
3556 1264 1263 1167 1445 
3557 1336 1323 1548 1664 
3558 746 1378 745 1609 
3559 1482 1592 1344 1684 
3560 1091 1093 1244 1439 
3561 1403 1487 1342 1587 
3562 757 733 642 1506 
3563 617 1334 1549 1680 
3564 1300 1362 1563 1595 
3565 619 1509 1398 1549 
3566 1072 1382 1252 1569 
3567 690 556 751 1406 
3568 1403 1342 1502 1587 
3569 1358 1527 1475 1545 
3570 1263 1383 1262 1614 
3571 1401 1491 1294 1522 
3572 1137 1415 1139 1732 
3573 747 591 589 1443 
3574 1294 1487 1401 1519 
3575 1319 1475 1358 1543 
3576 1096 1095 1094 1595 
3577 1154 1159 1507 1642 
3578 1331 1547 1322 1558 
3579 591 746 593 1443 
3580 580 714 1534 1557 
3581 1369 1575 1489 1724 
3582 1153 1188 1583 1605 
3583 1506 1589 1346 1652 
3584 546 757 1394 1674 
3585 1293 1492 1400 1517 
3586 810 986 1013 1574 
3587 368 367 366 1578 
3588 1056 555 1212 1570 
3589 953 981 952 1585 
3590 825 1034 968 1536 
3591 330 490 457 1581 
3592 1131 1130 1129 1594 
3593 860 854 1456 1598 
3594 1338 1387 1490 1589 
3595 1359 1687 879 1719 
3596 265 261 471 1530 
3597 1364 1532 1489 1537 
3598 632 633 634 1588 
3599 1359 1509 1304 1596 
3600 1303 1365 1533 1614 
3601 1369 1560 1474 1726 
3602 1400 1486 1293 1514 
3603 508 1583 507 1685 
3604 1300 1366 1534 1609 
3605 1287 1360 1575 1615 
3606 915 913 1527 1545 
3607 1314 1488 1338 1589 
3608 1290 1438 1371 1567 
3609 505 296 1391 1576 
3610 1243 1126 1128 1434 
3611 907 906 793 1513 
3612 740 1433 738 1570 
3613 987 1366 1598 1697 
3614 1212 1380 1238 1570 
3615 1049 1266 1195 1407 
3616 252 254 244 1485 
3617 552 768 728 1493 
3618 1327 1368 1536 1693 
3619 355 1577 1425 1694 
3620 1399 1492 1341 1590 
3621 401 399 293 1513 
3622 729 620 753 1509 
3623 666 665 663 1444 
3624 1319 1543 1358 1618 
3625 1399 1341 1496 1590 
3626 1366 1295 1563 1598 
3627 1489 1560 1369 1724 
3628 1336 1120 1548 1681 
3629 1253 1252 1440 1569 
3630 1313 1592 1482 1684 
3631 1408 1510 1087 1558 
3632 273 283 264 1536 
3633 1368 1427 1298 1637 
3634 1171 1497 1172 1520 
3635 1087 1558 1086 1669 
3636 1489 1575 1355 1724 
3637 1356 1562 1432 1689 
3638 1014 876 875 1498 
3639 371 1369 1560 1724 
3640 672 670 673 1518 
3641 1118 1495 1112 1521 
3642 1304 1508 1350 1641 
3643 624 622 627 1430 
3644 1316 1466 1348 1592 
3645 1250 1192 1249 1458 
3646 727 611 1524 1691 
3647 1141 1604 1482 1732 
3648 1528 1539 1353 1701 
3649 678 679 1374 1653 
3650 1250 1252 1382 1623 
3651 1401 1522 1325 1661 
3652 1371 1516 1432 1685 
3653 768 624 1430 1615 
3654 1178 1375 1179 1658 
3655 1266 1171 1173 1520 
3656 1072 1193 769 1569 
3657 322 403 1582 1602 
3658 1346 1674 733 1710 
3659 1505 1528 1362 1539 
3660 1313 1494 1348 1592 
3661 574 274 721 1731 
3662 1118 1117 1269 1521 
3663 1286 1388 1480 1544 
3664 1148 1149 1150 1544 
3665 671 1496 670 1518 
3666 1355 1301 1537 1594 
3667 361 363 501 1504 
3668 1352 1301 1540 1588 
3669 270 469 323 1530 
3670 1330 1285 1504 1559 
3671 495 310 1396 1566 
3672 717 671 566 1399 
3673 724 783 1561 1637 
3674 769 1193 730 1569 
3675 676 677 678 1451 
3676 561 739 741 1457 
3677 1261 1262 1051 1461 
3678 1287 1430 1434 1596 
3679 1304 1434 1430 1596 
3680 1362 1300 1539 1595 
3681 513 331 495 1515 
3682 1272 1062 1233 1413 
3683 770 1431 638 1569 
3684 372 1489 502 1724 
3685 744 748 601 1478 
3686 1325 1519 1401 1661 
3687 1285 1330 1498 1559 
3688 507 1475 396 1685 
3689 1298 1408 1515 1531 
3690 407 408 406 1538 
3691 1176 1178 1177 1452 
3692 377 285 1390 1613 
3693 1337 1459 1315 1591 
3694 1293 1407 1496 1518 
3695 1308 1460 1337 1591 
3696 993 1017 925 1542 
3697 409 408 525 1469 
3698 1287 1360 1450 1575 
3699 1109 1112 1211 1402 
3700 1400 1514 1326 1663 
3701 1361 1302 1545 1629 
3702 1326 1517 1400 1663 
3703 899 1441 1004 1620 
3704 1298 1510 1408 1558 
3705 799 937 999 1399 
3706 1348 1484 1316 1592 
3707 607 608 1502 1524 
3708 1198 1065 1172 1404 
3709 1235 1154 1159 1507 
3710 1317 1503 1365 1538 
3711 1283 1226 1547 1558 
3712 1294 1406 1502 1524 
3713 1138 1252 1136 1440 
3714 1293 1497 1407 1520 
3715 381 378 520 1494 
3716 1000 1005 1377 1629 
3717 1373 1645 1501 1720 
3718 657 761 762 1662 
3719 1366 1557 1534 1697 
3720 1302 1608 1523 1618 
3721 1124 1123 1508 1548 
3722 1318 1505 1353 1555 
3723 1033 970 1373 1616 
3724 1294 1495 1406 1521 
3725 770 637 635 1431 
3726 1317 1538 1365 1617 
3727 1332 1518 1324 1564 
3728 1323 1549 1334 1559 
3729 1358 915 1620 1706 
3730 1238 1442 1230 1570 
3731 1326 1517 1332 1564 
3732 824 975 1667 1677 
3733 522 315 1388 1605 
3734 1333 1524 1328 1565 
3735 1009 1453 1629 1729 
3736 1143 1391 1046 1576 
3737 473 1566 1530 1632 
3738 564 641 1395 1579 
3739 688 568 608 1403 
3740 1318 1555 1353 1619 
3741 1353 1528 1505 1539 
3742 1497 1590 1307 1660 
3743 1236 1406 1269 1700 
3744 1292 1469 1386 1538 
3745 1153 1151 1188 1605 
3746 1066 1149 1388 1605 
3747 1206 565 1421 1707 
3748 1087 1090 1408 1688 
3749 1106 1080 1442 1624 
3750 881 995 810 1574 
3751 925 1386 947 1602 
3752 1325 1519 1333 1565 
3753 1315 1462 1337 1591 
3754 1010 843 984 1470 
3755 506 522 1543 1605 
3756 444 1386 407 1602 
3757 574 262 274 1731 
3758 1368 1298 1427 1447 
3759 869 870 866 1519 
3760 852 1456 853 1630 
3761 1354 1523 1608 1618 
3762 949 801 1582 1602 
3763 1342 1487 1310 1587 
3764 1306 1639 1593 1723 
3765 948 1542 925 1602 
3766 1281 1227 1078 1339 
3767 928 924 1400 1709 
3768 1310 1470 1342 1587 
3769 576 725 781 1339 
3770 871 1401 869 1711 
3771 740 598 738 1433 
3772 635 638 770 1431 
3773 484 505 385 1488 
3774 1376 1441 1286 1620 
3775 538 602 1393 1586 
3776 1372 1563 1505 1715 
3777 751 1406 750 1700 
3778 1306 1593 1639 1643 
3779 624 625 1430 1615 
3780 471 261 323 1530 
3781 558 731 755 1458 
3782 1448 1575 1369 1724 
3783 351 1401 349 1711 
3784 480 1690 1350 1718 
3785 1337 1463 1308 1591 
3786 560 746 691 1511 
3787 1061 1189 1247 1511 
3788 648 650 1376 1608 
3789 902 977 992 1466 
3790 1167 1263 1165 1445 
3791 958 1395 992 1579 
3792 346 345 347 1465 
3793 1082 1624 1353 1701 
3794 607 751 609 1524 
3795 656 1512 1377 1611 
3796 1329 1514 1326 1564 
3797 372 503 502 1489 
3798 370 1578 1418 1718 
3799 1123 1055 1397 1681 
3800 331 1515 329 1531 
3801 1039 1412 1080 1701 
3802 1343 1469 1311 1660 
3803 407 1538 405 1602 
3804 844 842 843 1470 
3805 1370 1562 1503 1689 
3806 1341 1492 1311 1590 
3807 940 928 815 1400 
3808 414 1400 412 1709 
3809 1371 1567 1438 1642 
3810 654 656 1377 1611 
3811 1370 1432 1290 1562 
3812 571 1073 1201 1716 
3813 1265 1407 1266 1628 
3814 1342 1471 1312 1587 
3815 1292 1386 1467 1542 
3816 1338 1464 1314 1589 
3817 1338 1490 1309 1589 
3818 322 405 403 1602 
3819 569 619 1398 1680 
3820 345 1384 424 1601 
3821 820 1410 891 1705 
3822 1252 1138 1253 1440 
3823 1120 1681 1336 1721 
3824 553 767 726 1413 
3825 535 634 1410 1705 
3826 414 467 316 1400 
3827 1311 1467 1341 1590 
3828 735 763 550 1461 
3829 929 928 927 1517 
3830 374 482 503 1489 
3831 1348 1481 1313 1592 
3832 1100 1101 1103 1479 
3833 963 869 862 1401 
3834 1357 1648 996 1649 
3835 329 1408 328 1688 
3836 1137 1035 1415 1699 
3837 619 620 1509 1549 
3838 842 856 1384 1601 
3839 892 1008 890 1552 
3840 962 1631 1446 1646 
3841 1269 1229 1054 1406 
3842 414 415 413 1514 
3843 1068 523 1423 1703 
3844 1381 1430 1287 1615 
3845 1475 1567 1361 1685 
3846 1307 1496 1341 1590 
3847 1317 1386 1538 1542 
3848 1324 1520 1329 1564 
3849 751 1406 556 1666 
3850 364 366 365 1578 
3851 432 351 318 1401 
3852 1420 1585 976 1719 
3853 545 648 702 1525 
3854 1312 1502 1342 1587 
3855 1306 1510 1349 1593 
3856 899 959 1441 1620 
3857 671 566 1399 1675 
3858 1149 1151 1544 1605 
3859 1101 1038 1389 1597 
3860 312 407 1386 1600 
3861 650 702 648 1376 
3862 526 1514 418 1713 
3863 1360 628 1615 1708 
3864 1368 1561 584 1637 
3865 1425 1577 355 1631 
3866 1303 1607 1535 1617 
3867 1089 1241 1240 1510 
3868 925 922 1386 1600 
3869 1328 1521 1335 1565 
3870 1286 1464 1388 1543 
3871 1435 1441 1376 1525 
3872 1109 1112 1402 1679 
3873 1397 1504 1336 1681 
3874 601 602 600 1478 
3875 631 755 731 1588 
3876 987 988 861 1500 
3877 685 1395 641 1599 
3878 1106 1442 1238 1624 
3879 410 408 407 1469 
3880 378 376 377 1551 
3881 1172 1404 1065 1671 
3882 509 398 1432 1685 
3883 656 715 654 1377 
3884 254 253 1454 1485 
3885 988 834 832 1500 
3886 1008 1390 786 1613 
3887 597 724 1610 1716 
3888 1207 1391 1143 1604 
3889 986 867 865 1574 
3890 370 1350 1578 1718 
3891 403 401 1582 1689 
3892 858 1456 854 1598 
3893 1529 1540 1360 1708 
3894 1507 1567 1371 1642 
3895 1300 1612 1534 1619 
3896 492 514 339 1505 
3897 1334 1498 1398 1680 
3898 691 557 1058 1511 
3899 1189 691 1058 1511 
3900 866 870 1023 1519 
3901 824 997 975 1677 
3902 1319 1388 1543 1544 
3903 357 1425 355 1631 
3904 350 351 352 1522 
3905 1527 1545 1358 1706 
3906 1291 1494 1390 1551 
3907 688 1403 608 1670 
3908 706 571 1201 1716 
3909 261 270 323 1530 
3910 1349 1510 1408 1593 
3911 1349 1408 1515 1593 
3912 1314 1480 1346 1652 
3913 1453 1545 1302 1629 
3914 673 1407 736 1644 
3915 1069 1418 302 1698 
3916 1105 1103 1271 1479 
3917 858 853 854 1456 
3918 1351 1535 1607 1617 
3919 1288 1384 1463 1465 
3920 903 713 794 1525 
3921 1288 1393 1471 1478 
3922 713 545 794 1525 
3923 1012 1345 1630 1704 
3924 1195 1407 1266 1644 
3925 531 474 326 1375 
3926 971 1032 827 1374 
3927 1384 1288 1462 1470 
3928 594 592 593 1609 
3929 1288 1471 1392 1478 
3930 658 660 695 1553 
3931 1389 1465 1340 1672 
3932 1389 1288 1472 1479 
3933 1288 1463 1389 1465 
3934 413 415 416 1514 
3935 1026 1422 708 1697 
3936 909 1499 949 1648 
3937 1074 1394 1255 1674 
3938 1367 1534 1612 1619 
3939 574 1561 262 1731 
3940 510 402 1503 1689 
3941 401 1370 1582 1689 
3942 1380 1442 1289 1624 
3943 1106 1230 1238 1442 
3944 949 948 801 1602 
3945 1392 1472 1288 1479 
3946 1431 1440 1382 1569 
3947 1393 1462 1288 1470 
3948 876 874 875 1498 
3949 1389 1340 1472 1672 
3950 1293 1496 1399 1518 
3951 1307 1444 1445 1660 
3952 1352 1474 1320 1552 
3953 309 1204 1419 1702 
3954 511 404 486 1503 
3955 1296 1473 1395 1506 
3956 662 663 664 1607 
3957 1294 1502 1403 1524 
3958 508 1371 1583 1685 
3959 877 878 952 1585 
3960 916 899 1004 1620 
3961 1141 1143 1142 1482 
3962 890 889 891 1552 
3963 1369 1448 1287 1575 
3964 874 876 877 1468 
3965 1261 1161 1533 1638 
3966 1336 1548 1323 1559 
3967 1260 1379 1276 1638 
3968 335 289 1385 1606 
3969 1296 1391 1482 1483 
3970 1390 1484 1291 1552 
3971 1294 1403 1487 1519 
3972 869 862 1401 1661 
3973 1296 1394 1473 1506 
3974 1148 1147 1149 1480 
3975 474 1375 1501 1658 
3976 638 731 769 1382 
3977 999 929 927 1517 
3978 835 1385 961 1606 
3979 1507 1523 1363 1550 
3980 432 351 1401 1661 
3981 1354 1523 1507 1550 
3982 1404 1497 1293 1520 
3983 1200 1263 1050 1526 
3984 1402 1495 1294 1521 
3985 1269 1229 1406 1666 
3986 920 543 695 1649 
3987 355 1577 423 1631 
3988 928 815 1400 1663 
3989 666 735 773 1383 
3990 1023 1403 973 1670 
3991 399 1432 398 1685 
3992 1296 1482 1394 1483 
3993 578 580 581 1612 
3994 1285 1397 1508 1641 
3995 1399 1492 1293 1517 
3996 1076 263 272 1547 
3997 1320 1551 1489 1625 
3998 1489 1551 1364 1625 
3999 731 638 633 1588 
4000 1309 1589 1506 1652 
4001 795 1387 901 1678 
4002 942 700 1417 1712 
4003 1274 1070 1231 1409 
4004 507 1583 441 1605 
4005 1007 1004 955 1376 
4006 414 1400 316 1663 
4007 249 970 797 1616 
4008 1292 1445 1444 1660 
4009 1159 1640 1363 1642 
4010 874 877 880 1405 
4011 364 363 362 1477 
4012 979 953 976 1585 
4013 1294 1491 1402 1522 
4014 384 1387 428 1678 
4015 673 1407 737 1628 
4016 1387 1296 1466 1490 
4017 364 362 454 1405 
4018 270 469 1530 1632 
4019 399 398 397 1685 
4020 1352 1552 1320 1625 
4021 962 1577 1446 1631 
4022 1306 1439 1443 1639 
4023 1307 1445 1444 1526 
4024 1395 1466 1296 1490 
4025 1327 1530 1531 1566 
4026 1293 1486 1404 1514 
4027 1225 1571 1178 1658 
4028 363 361 362 1504 
4029 920 695 812 1649 
4030 1276 1260 1043 1379 
4031 1305 1396 1584 1630 
4032 1153 1154 1507 1642 
4033 1124 1121 1123 1548 
4034 510 402 511 1503 
4035 1084 1539 1082 1624 
4036 1250 1252 1072 1382 
4037 1410 1484 1316 1725 
4038 738 739 710 1380 
4039 1296 1387 1481 1488 
4040 882 1420 716 1708 
4041 1000 1005 811 1377 
4042 1165 1164 1166 1614 
4043 483 522 1388 1626 
4044 1357 1562 1499 1648 
4045 1186 1246 1248 1381 
4046 983 1560 1369 1726 
4047 652 653 654 1611 
4048 1004 794 955 1525 
4049 1263 1200 1262 1383 
4050 745 746 560 1378 
4051 1247 1251 1061 1378 
4052 592 708 1422 1697 
4053 1296 1481 1391 1488 
4054 1295 1443 1439 1639 
4055 855 1396 848 1584 
4056 357 355 423 1631 
4057 803 1398 1014 1680 
4058 1376 1007 1620 1729 
4059 774 1407 673 1628 
4060 330 1349 1581 1728 
4061 474 1501 470 1658 
4062 1430 1434 1304 1493 
4063 1474 1575 1369 1726 
4064 984 1024 1393 1586 
4065 386 385 384 1488 
4066 910 1436 911 1629 
4067 609 727 611 1524 
4068 442 501 1397 1681 
4069 877 880 1405 1635 
4070 1184 1059 766 1493 
4071 694 544 1275 1640 
4072 551 730 1053 1569 
4073 364 1405 454 1635 
4074 725 1339 576 1673 
4075 572 762 761 1379 
4076 1059 728 766 1493 
4077 991 1498 875 1646 
4078 1266 1407 1049 1628 
4079 715 1377 656 1649 
4080 1237 1238 1212 1380 
4081 901 975 902 1466 
4082 937 999 1399 1675 
4083 306 1402 499 1679 
4084 754 768 552 1381 
4085 579 578 598 1734 
4086 559 753 1409 1627 
4087 944 982 1017 1467 
4088 1231 1274 1409 1636 
4089 1427 1643 588 1704 
4090 1372 1563 1295 1598 
4091 1032 941 827 1572 
4092 1246 1130 1248 1594 
4093 1380 1237 1624 1692 
4094 1301 1537 1623 1625 
4095 450 531 326 1573 
4096 629 1540 628 1615 
4097 1306 1443 1439 1511 
4098 1275 1234 694 1640 
4099 1122 1116 1548 1664 
4100 320 496 1389 1597 
4101 1417 1467 1341 1730 
4102 1070 1274 1242 1409 
4103 499 350 352 1522 
4104 491 1412 459 1701 
4105 495 1396 449 1584 
4106 487 1404 416 1671 
4107 416 415 526 1514 
4108 656 1512 658 1649 
4109 650 651 652 1608 
4110 849 1034 972 1693 
4111 559 753 698 1409 
4112 1220 1388 1149 1626 
4113 768 626 624 1615 
4114 1081 1106 1080 1733 
4115 959 816 1416 1706 
4116 1461 1533 1303 1638 
4117 648 645 1435 1525 
4118 615 752 1549 1659 
4119 1259 1152 1235 1507 
4120 1057 1392 1271 1603 
4121 748 1392 689 1603 
4122 1070 1409 1242 1627 
4123 816 452 1416 1706 
4124 729 1409 753 1627 
4125 1083 1106 1238 1624 
4126 730 1193 1053 1569 
4127 909 996 1499 1648 
4128 1316 1466 1395 1579 
4129 1002 929 999 1517 
4130 271 263 1222 1547 
4131 1433 1442 1380 1570 
4132 1395 1473 1316 1579 
4133 391 1416 452 1706 
4134 438 508 509 1516 
4135 735 666 663 1607 
4136 461 1372 1580 1715 
4137 1314 1488 1391 1576 
4138 505 1391 455 1604 
4139 1129 1418 1069 1698 
4140 1311 1486 1400 1709 
4141 588 1621 1427 1704 
4142 991 875 965 1646 
4143 260 242 1454 1571 
4144 1095 1251 1247 1595 
4145 1391 1483 1314 1576 
4146 1359 976 1585 1719 
4147 1401 1487 1310 1711 
4148 1282 1226 1088 1558 
4149 506 507 441 1605 
4150 1310 1491 1401 1711 
4151 332 473 532 1531 
4152 934 1033 970 1373 
4153 1306 1439 1639 1723 
4154 1421 1435 1346 1652 
4155 1273 707 1056 1570 
4156 1094 1419 1204 1702 
4157 1545 1629 1453 1729 
4158 985 1014 1398 1687 
4159 1012 850 1447 1630 
4160 1330 1446 1425 1631 
4161 1400 1492 1311 1709 
4162 723 547 238 1485 
4163 1160 1158 1438 1638 
4164 495 332 532 1531 
4165 1138 1137 1139 1732 
4166 1413 1666 1328 1691 
4167 713 645 1525 1599 
4168 555 1056 707 1570 
4169 869 871 870 1487 
4170 421 1429 1568 1645 
4171 251 1485 252 1653 
4172 1356 1533 1503 1554 
4173 1306 1634 1414 1643 
4174 1499 1542 1317 1617 
4175 1351 1542 1499 1617 
4176 1302 1545 1453 1729 
4177 559 729 753 1627 
4178 1503 1533 1365 1554 
4179 578 1411 539 1717 
4180 381 1415 519 1699 
4181 909 996 980 1499 
4182 768 754 626 1615 
4183 1011 849 1031 1447 
4184 1468 1585 1321 1596 
4185 716 1420 625 1708 
4186 413 412 414 1486 
4187 1309 1435 1441 1652 
4188 1359 1585 1468 1596 
4189 1173 1171 1172 1520 
4190 1070 559 1409 1627 
4191 792 1025 974 1411 
4192 1117 1113 1119 1521 
4193 417 415 414 1514 
4194 1286 1441 1435 1652 
4195 1118 1112 1117 1521 
4196 246 237 472 1501 
4197 259 1373 243 1720 
4198 1432 1562 1370 1689 
4199 1354 1544 1507 1618 
4200 1507 1544 1319 1618 
4201 651 758 1523 1608 
4202 1263 1262 1165 1614 
4203 1321 1578 1641 1727 
4204 379 378 377 1494 
4205 244 242 243 1454 
4206 271 1547 1222 1610 
4207 1012 850 1011 1447 
4208 1194 734 1050 1526 
4209 738 581 739 1612 
4210 1265 1266 1049 1628 
4211 1287 1450 1369 1575 
4212 698 1409 753 1636 
4213 499 352 478 1522 
4214 1268 1177 1281 1452 
4215 761 572 1379 1640 
4216 1083 1238 1237 1624 
4217 764 781 677 1451 
4218 1211 1402 1112 1682 
4219 1309 1441 1435 1525 
4220 1068 1423 1166 1703 
4221 1366 1500 1534 1557 
4222 924 927 928 1492 
4223 355 287 1577 1661 
4224 1303 1535 1461 1662 
4225 760 653 1523 1611 
4226 1076 1222 263 1547 
4227 717 671 1399 1686 
4228 747 589 743 1643 
4229 1372 1455 1295 1563 
4230 929 930 928 1517 
4231 619 618 620 1549 
4232 646 649 648 1435 
4233 1419 1581 1349 1728 
4234 734 1194 549 1526 
4235 1043 1276 1379 1640 
4236 241 1501 242 1658 
4237 869 866 863 1519 
4238 586 742 587 1637 
4239 970 1645 1373 1720 
4240 332 495 331 1531 
4241 1367 1534 1500 1557 
4242 868 866 1023 1519 
4243 1328 1666 1413 1695 
4244 568 608 1403 1683 
4245 746 745 593 1609 
4246 265 266 261 1530 
4247 1332 1518 1399 1675 
4248 373 371 1560 1724 
4249 1000 1377 811 1649 
4250 353 352 351 1522 
4251 454 1405 880 1635 
4252 641 642 643 1506 
4253 1298 1515 1396 1531 
4254 1240 1282 1088 1558 
4255 1004 1007 916 1620 
4256 1364 1623 1537 1625 
4257 912 911 1545 1629 
4258 472 237 297 1501 
4259 1025 974 1411 1717 
4260 1404 1520 1329 1671 
4261 1406 1495 1312 1700 
4262 933 934 932 1449 
4263 1402 1521 1335 1679 
4264 822 992 1395 1599 
4265 1223 1547 272 1622 
4266 914 1545 915 1620 
4267 671 670 672 1518 
4268 1312 1502 1406 1700 
4269 538 600 602 1586 
4270 1022 852 1012 1630 
4271 1288 1465 1389 1672 
4272 835 836 837 1459 
4273 350 349 351 1491 
4274 1333 1524 1403 1670 
4275 607 609 608 1524 
4276 1499 1535 1357 1553 
4277 355 353 287 1661 
4278 561 687 1060 1457 
4279 1108 1060 687 1457 
4280 899 916 959 1620 
4281 1078 1339 1227 1673 
4282 666 773 734 1526 
4283 1345 1443 1422 1639 
4284 1351 1535 1499 1553 
4285 1388 1464 1314 1626 
4286 919 1005 1009 1453 
4287 1230 1442 1106 1733 
4288 1288 1389 1472 1672 
4289 533 473 332 1530 
4290 672 776 675 1518 
4291 1087 1510 1089 1558 
4292 774 673 737 1628 
4293 1315 1586 1478 1734 
4294 654 683 652 1453 
4295 838 841 840 1462 
4296 336 341 335 1460 
4297 1334 1559 1498 1646 
4298 783 584 1561 1637 
4299 421 1429 419 1568 
4300 1138 1253 1440 1732 
4301 656 1377 1512 1649 
4302 864 1446 962 1577 
4303 598 1433 740 1734 
4304 246 1501 472 1720 
4305 664 1417 700 1712 
4306 276 1536 1476 1561 
4307 910 907 911 1436 
4308 836 1021 838 1459 
4309 1344 1440 1431 1569 
4310 481 519 381 1415 
4311 457 309 1419 1702 
4312 1408 1510 1349 1688 
4313 1500 1556 1318 1619 
4314 1367 1556 1500 1619 
4315 585 1427 588 1621 
4316 1314 1480 1388 1626 
4317 1368 1476 1327 1536 
4318 1285 1477 1397 1641 
4319 1250 1136 1252 1623 
4320 243 1373 1501 1720 
4321 1429 1449 1326 1568 
4322 639 640 641 1473 
4323 1357 1512 1377 1649 
4324 903 713 1525 1599 
4325 919 814 563 1453 
4326 563 683 919 1453 
4327 361 1504 500 1656 
4328 934 1373 970 1645 
4329 328 476 330 1581 
4330 1399 1517 1332 1675 
4331 1393 1478 1315 1586 
4332 1321 1578 1477 1641 
4333 1052 1192 692 1458 
4334 892 891 893 1484 
4335 464 461 1580 1715 
4336 1596 1641 1304 1727 
4337 1160 1158 1157 1438 
4338 1226 1282 1107 1716 
4339 782 724 597 1716 
4340 1345 1422 1456 1639 
4341 533 1530 332 1531 
4342 1402 1491 1340 1682 
4343 662 573 1553 1712 
4344 347 345 424 1601 
4345 1342 1487 1403 1683 
4346 431 475 1505 1715 
4347 1000 910 1005 1629 
4348 657 659 658 1662 
4349 1191 1051 696 1461 
4350 1349 1515 1408 1688 
4351 1341 1492 1399 1686 
4352 660 662 573 1553 
4353 882 979 1420 1708 
4354 706 1414 1201 1634 
4355 1335 1522 1402 1679 
4356 1362 1563 1455 1715 
4357 1329 1514 1404 1671 
4358 971 1374 827 1653 
4359 326 1375 474 1658 
4360 842 844 856 1601 
4361 1317 1538 1386 1602 
4362 456 1079 128 305 
4363 305 129 459 1039 
4364 691 232 1058 557 
4365 230 1061 1108 687 
4366 1061 230 560 687 
4367 1058 1189 232 691 
4368 1079 456 128 1099 
4369 1039 305 129 1079 
4370 231 1189 1061 691 
4371 691 1061 231 560 
4372 152 919 814 563 
4373 905 293 51 793 
4374 872 454 69 319 
4375 293 905 51 439 
4376 918 426 53 796 
4377 152 919 563 683 
4378 426 918 53 465 
4379 545 955 154 794 
4380 816 295 56 956 
4381 454 872 69 880 
4382 955 545 154 702 
4383 295 816 56 452 
4384 715 919 151 683 
4385 126 1217 320 433 
4386 126 1217 1038 320 
4387 102 294 438 1044 
4388 1285 1468 1398 1498 
4389 1479 1597 1308 1733 
4390 687 1060 229 561 
4391 229 1108 1060 687 
4392 1388 1544 1319 1605 
4393 1101 1100 1038 1597 
4394 334 289 80 961 
4395 80 334 961 823 
4396 669 670 671 1496 
4397 811 919 151 715 
4398 1181 102 438 1044 
4399 711 1650 604 1683 
4400 290 964 83 828 
4401 964 290 83 448 
4402 284 277 268 1731 
4403 443 1568 419 1663 
4404 963 862 74 432 
4405 153 814 702 563 
4406 955 153 814 702 
4407 288 856 77 424 
4408 789 856 77 288 
4409 1386 1542 1317 1602 
4410 74 963 432 318 
4411 417 443 419 1663 
4412 1145 1576 1180 1626 
4413 558 692 1192 1458 
4414 1204 133 309 1041 
4415 1319 1543 1388 1605 
4416 1112 1118 1221 1495 
4417 1340 1495 1402 1682 
4418 1226 1107 1610 1716 
4419 743 1414 706 1634 
4420 1201 1414 1241 1634 
4421 980 943 1016 1499 
4422 1403 1519 1333 1670 
4423 1397 1477 1285 1504 
4424 1403 1502 1342 1683 
4425 444 922 48 312 
4426 48 947 922 444 
4427 685 641 643 1599 
4428 903 155 794 713 
4429 1308 1479 1389 1597 
4430 302 1418 518 1698 
4431 155 794 713 545 
4432 1310 1470 1384 1601 
4433 514 431 475 1505 
4434 940 815 45 467 
4435 448 291 84 790 
4436 717 143 937 566 
4437 316 45 815 467 
4438 1141 1207 1143 1604 
4439 84 448 790 964 
4440 435 309 133 1041 
4441 925 923 922 1600 
4442 1405 1498 1330 1665 
4443 743 742 706 1414 
4444 1201 1240 1241 1414 
4445 696 1051 550 1461 
4446 524 416 1404 1676 
4447 983 888 1560 1726 
4448 1399 1496 1341 1686 
4449 860 1422 1026 1697 
4450 1384 1465 1310 1601 
4451 312 410 407 1600 
4452 1578 1350 1641 1727 
4453 1330 1504 1405 1665 
4454 160 946 820 535 
4455 333 332 329 1531 
4456 1145 1180 1147 1626 
4457 1071 1209 1651 1682 
4458 390 387 389 1464 
4459 421 1568 324 1645 
4460 873 875 874 1498 
4461 637 756 640 1473 
4462 284 1547 277 1731 
4463 535 160 946 686 
4464 1291 1440 1431 1684 
4465 1344 1431 1440 1684 
4466 1171 1170 1172 1497 
4467 1122 1116 1121 1548 
4468 865 863 866 1519 
4469 254 250 253 1485 
4470 331 329 332 1531 
4471 305 459 491 1412 
4472 341 342 493 1460 
4473 1446 1631 1330 1646 
4474 1125 1124 1123 1508 
4475 1144 1146 1256 1483 
4476 885 1474 888 1726 
4477 391 389 388 1464 
4478 1344 1473 1394 1655 
4479 1132 1131 1537 1594 
4480 494 342 344 1463 
4481 1393 1470 1342 1650 
4482 1261 1461 1260 1638 
4483 1389 1463 1308 1597 
4484 1315 1462 1393 1586 
4485 1311 1467 1386 1600 
4486 157 822 564 685 
4487 1312 1472 1392 1603 
4488 1347 1442 1433 1570 
4489 1337 1463 1384 1654 
4490 944 942 1417 1712 
4491 557 1058 1511 1634 
4492 1384 1462 1337 1654 
4493 1392 1471 1312 1603 
4494 578 577 539 1411 
4495 620 621 619 1509 
4496 1405 1468 1285 1498 
4497 1223 1076 272 1547 
4498 1425 1631 357 1656 
4499 842 839 840 1462 
4500 362 361 360 1504 
4501 1285 1477 1405 1504 
4502 1340 1465 1389 1651 
4503 1267 1173 1175 1520 
4504 565 772 1421 1707 
4505 1021 1025 792 1411 
4506 900 896 901 1490 
4507 291 445 85 790 
4508 790 445 85 966 
4509 1023 804 1403 1683 
4510 1343 1445 1423 1660 
4511 143 937 799 717 
4512 1283 1088 1226 1558 
4513 1079 1080 1039 1412 
4514 1342 1471 1393 1650 
4515 1097 1096 1539 1595 
4516 1387 1488 1338 1678 
4517 499 1402 434 1682 
4518 607 608 606 1502 
4519 242 1571 248 1658 
4520 384 383 382 1481 
4521 1389 1472 1340 1651 
4522 1386 1469 1311 1600 
4523 329 292 1408 1688 
4524 714 1557 540 1697 
4525 1185 1137 1035 1415 
4526 1305 1581 1593 1723 
4527 344 343 345 1463 
4528 903 1525 994 1599 
4529 1098 136 451 1042 
4530 1477 1578 1350 1641 
4531 1063 1162 1160 1554 
4532 631 632 1540 1588 
4533 1136 1135 1137 1623 
4534 1104 1219 1239 1472 
4535 1385 1460 1337 1657 
4536 1346 1483 1394 1674 
4537 387 385 386 1488 
4538 1337 1459 1385 1657 
4539 508 398 509 1685 
4540 285 62 429 921 
4541 592 594 708 1697 
4542 921 285 62 786 
4543 618 615 752 1549 
4544 594 714 540 1697 
4545 1087 1408 1098 1688 
4546 537 610 612 1670 
4547 695 920 149 543 
4548 865 866 868 1519 
4549 1482 1604 1313 1732 
4550 999 799 1399 1686 
4551 1498 1559 1330 1646 
4552 603 749 605 1471 
4553 292 136 451 1098 
4554 891 820 946 1410 
4555 1196 1573 1176 1671 
4556 1313 1482 1391 1604 
4557 157 822 958 564 
4558 1022 854 852 1456 
4559 1194 549 1526 1628 
4560 1063 1216 100 440 
4561 535 634 686 1410 
4562 440 1216 100 321 
4563 1387 1466 1348 1667 
4564 1258 1206 1421 1707 
4565 1198 1404 1172 1676 
4566 785 1580 829 1606 
4567 977 902 894 1466 
4568 332 1530 473 1531 
4569 1046 108 296 1207 
4570 1209 1104 1101 1472 
4571 859 860 987 1598 
4572 1131 1182 1532 1698 
4573 1133 1131 1182 1532 
4574 609 611 610 1524 
4575 790 858 964 1424 
4576 680 719 169 881 
4577 1419 1439 1349 1723 
4578 1080 1079 1081 1412 
4579 578 579 577 1411 
4580 1153 1155 1154 1642 
4581 484 385 387 1488 
4582 1347 1433 1442 1668 
4583 1289 1442 1433 1668 
4584 602 603 604 1471 
4585 800 146 562 700 
4586 146 800 942 700 
4587 624 626 625 1615 
4588 906 909 949 1648 
4589 523 409 1423 1703 
4590 474 297 470 1501 
4591 276 283 1476 1536 
4592 686 634 636 1410 
4593 149 812 920 695 
4594 421 419 324 1568 
4595 886 884 889 1474 
4596 676 1572 699 1675 
4597 1088 1089 1240 1558 
4598 486 404 406 1538 
4599 1144 1143 1145 1483 
4600 1391 1481 1313 1604 
4601 455 296 108 1207 
4602 438 101 1181 1516 
4603 725 722 547 1485 
4604 1425 1577 1325 1694 
4605 959 915 816 1706 
4606 1450 1575 1360 1726 
4607 361 500 358 1656 
4608 1347 1478 1392 1647 
4609 881 169 680 810 
4610 1185 1139 1137 1415 
4611 1530 1566 1327 1632 
4612 1338 1464 1416 1722 
4613 885 883 1474 1726 
4614 1392 1479 1347 1647 
4615 1259 1150 1152 1544 
4616 1216 1181 101 1516 
4617 539 792 178 974 
4618 1300 1539 1457 1692 
4619 1215 1082 1528 1701 
4620 438 321 101 1516 
4621 1421 1346 1480 1652 
4622 792 539 178 577 
4623 852 854 853 1456 
4624 1347 1668 1442 1733 
4625 508 507 396 1685 
4626 481 381 520 1415 
4627 1184 1493 766 1627 
4628 1218 1215 1082 1528 
4629 373 1560 453 1613 
4630 1096 1040 1528 1702 
4631 851 855 848 1584 
4632 393 391 452 1706 
4633 1129 1069 1131 1698 
4634 1137 1135 1035 1699 
4635 915 913 917 1527 
4636 706 1414 742 1716 
4637 1240 1414 1201 1716 
4638 915 1527 917 1706 
4639 1536 1561 276 1633 
4640 990 860 1022 1422 
4641 711 604 606 1683 
4642 321 1216 101 1516 
4643 1211 1112 1221 1682 
4644 1096 1040 1218 1528 
4645 360 1504 361 1656 
4646 1197 1168 1166 1423 
4647 346 347 348 1465 
4648 1174 1172 1065 1671 
4649 1129 1127 1202 1418 
4650 1071 1221 1209 1682 
4651 395 393 313 1527 
4652 1135 1133 1213 1532 
4653 393 313 1527 1706 
4654 448 447 291 1424 
4655 1135 1532 1213 1699 
4656 975 894 902 1466 
4657 847 1566 846 1632 
4658 971 1616 1374 1653 
4659 883 884 885 1474 
4660 568 606 608 1683 
4661 572 1234 1043 1640 
4662 1123 1120 1055 1681 
4663 913 911 796 1527 
4664 526 512 1671 1713 
4665 562 1417 667 1730 
4666 428 314 59 957 
4667 795 428 59 957 
4668 651 758 759 1523 
4669 664 667 562 1417 
4670 1433 1668 1347 1734 
4671 1041 1094 1092 1419 
4672 684 623 625 1420 
4673 1082 1039 1080 1701 
4674 1109 1110 1112 1679 
4675 150 811 715 1649 
4676 569 617 619 1680 
4677 717 669 671 1686 
4678 1515 1581 1349 1593 
4679 1106 1083 1080 1624 
4680 397 395 426 1527 
4681 688 608 610 1670 
4682 719 614 617 1680 
4683 1092 1688 1214 1728 
4684 1117 1110 1113 1521 
4685 946 893 891 1410 
4686 418 415 417 1514 
4687 639 637 640 1473 
4688 491 493 305 1412 
4689 1160 1533 1161 1638 
4690 1190 1164 1162 1554 
4691 67 787 951 286 
4692 1190 1164 1554 1703 
4693 427 67 951 286 
4694 267 270 1530 1632 
4695 1092 1090 1214 1688 
4696 1041 1419 1092 1728 
4697 1094 1204 1096 1702 
4698 686 1410 636 1725 
4699 1305 1581 1515 1593 
4700 1421 1480 1346 1710 
4701 1323 1636 1413 1659 
4702 533 332 333 1531 
4703 541 590 592 1422 
4704 667 1686 682 1730 
4705 1418 1434 1350 1727 
4706 667 669 682 1686 
4707 1202 1418 1127 1718 
4708 759 760 653 1523 
4709 959 956 897 1416 
4710 912 911 913 1545 
4711 1343 1469 1423 1714 
4712 671 674 566 1675 
4713 1390 1494 1348 1677 
4714 820 891 889 1705 
4715 904 889 884 1529 
4716 808 990 718 183 
4717 632 703 1529 1705 
4718 1057 1232 689 224 
4719 904 889 1529 1705 
4720 1413 1636 1323 1664 
4721 535 632 634 1705 
4722 483 315 105 1066 
4723 551 730 208 1053 
4724 110 481 301 1075 
4725 728 1186 213 552 
4726 302 1069 115 479 
4727 199 1043 572 1234 
4728 1197 1168 1423 1714 
4729 694 1234 572 1640 
4730 601 1478 600 1734 
4731 568 172 804 973 
4732 632 703 630 1529 
4733 541 718 990 183 
4734 1053 730 208 1193 
4735 213 1059 1186 728 
4736 481 110 1185 1075 
4737 1069 1202 115 479 
4738 570 689 1232 224 
4739 655 1512 656 1611 
4740 391 388 295 1416 
4741 1220 483 105 1066 
4742 330 1419 457 1728 
4743 991 965 995 1646 
4744 694 199 572 1234 
4745 172 568 688 973 
4746 464 1580 458 1606 
4747 818 317 65 466 
4748 526 415 418 1514 
4749 1345 1643 1427 1704 
4750 803 569 167 985 
4751 1396 1515 1305 1584 
4752 929 931 930 1517 
4753 599 1478 601 1734 
4754 599 601 600 1734 
4755 1321 1468 1405 1635 
4756 792 989 577 177 
4757 1343 1423 1469 1660 
4758 164 684 716 809 
4759 397 396 1475 1685 
4760 569 704 167 985 
4761 684 623 1420 1719 
4762 1405 1477 1321 1635 
4763 335 337 289 1606 
4764 1068 1166 1164 1703 
4765 1359 1585 1420 1719 
4766 517 1681 303 1721 
4767 427 818 66 466 
4768 375 373 453 1613 
4769 1257 1421 1045 1710 
4770 260 1454 253 1571 
4771 1102 1100 1103 1479 
4772 645 646 648 1435 
4773 395 394 393 1475 
4774 1306 1510 1414 1634 
4775 504 380 383 1481 
4776 341 336 342 1460 
4777 414 467 1400 1709 
4778 830 785 829 1606 
4779 928 1400 940 1709 
4780 1359 1509 1398 1687 
4781 835 961 830 1606 
4782 693 577 989 177 
4783 1024 538 175 807 
4784 226 1056 1273 707 
4785 1349 1593 1581 1723 
4786 1017 926 923 1467 
4787 628 630 567 1708 
4788 769 558 210 1072 
4789 630 1529 567 1708 
4790 1102 1100 1479 1733 
4791 869 1401 963 1711 
4792 1056 226 555 707 
4793 538 681 175 807 
4794 1192 210 558 1072 
4795 1051 550 1200 196 
4796 715 543 150 1649 
4797 1258 1045 1257 1421 
4798 170 537 810 1013 
4799 550 773 1200 196 
4800 351 318 1401 1711 
4801 243 1501 246 1720 
4802 1395 1490 1309 1599 
4803 1397 1477 1350 1641 
4804 716 625 628 1708 
4805 170 537 680 810 
4806 1019 317 65 818 
4807 517 358 500 1656 
4808 622 620 729 1509 
4809 860 859 854 1598 
4810 1133 1132 1131 1537 
4811 482 374 376 1551 
4812 397 396 395 1475 
4813 730 769 209 1193 
4814 728 214 1059 766 
4815 111 519 481 1185 
4816 377 375 285 1613 
4817 694 200 1234 1275 
4818 594 596 1534 1609 
4819 1434 1596 1304 1727 
4820 1196 1176 1174 1671 
4821 1397 1350 1508 1641 
4822 525 408 411 1469 
4823 837 836 838 1459 
4824 897 1416 956 1722 
4825 1418 1578 1350 1718 
4826 716 164 809 882 
4827 1360 1575 1474 1726 
4828 1398 1549 1334 1680 
4829 1348 1484 1390 1677 
4830 1226 1222 1547 1610 
4831 352 1522 353 1694 
4832 1321 1641 1596 1727 
4833 1573 1671 512 1713 
4834 1309 1506 1395 1599 
4835 1072 209 769 1193 
4836 1184 1059 214 766 
4837 111 519 1185 1035 
4838 1305 1593 1639 1723 
4839 1414 1558 1322 1716 
4840 200 694 544 1275 
4841 752 767 1636 1659 
4842 774 736 1195 192 
4843 94 1065 524 487 
4844 1163 1533 1164 1614 
4845 52 793 293 1513 
4846 1026 860 990 1422 
4847 1408 1531 1331 1669 
4848 66 951 818 427 
4849 1020 890 1008 1552 
4850 1394 1482 1344 1655 
4851 893 1410 946 1725 
4852 409 1423 525 1714 
4853 150 920 811 1649 
4854 586 587 1427 1637 
4855 582 580 1534 1612 
4856 388 295 1416 1722 
4857 394 392 393 1543 
4858 1090 1089 1087 1510 
4859 981 1450 887 1726 
4860 329 328 292 1688 
4861 1413 1659 767 1691 
4862 1156 1158 1276 1438 
4863 1050 1200 773 195 
4864 1455 1563 1372 1715 
4865 97 1197 1068 523 
4866 859 987 861 1598 
4867 774 1195 1049 192 
4868 94 1065 1198 524 
4869 732 565 772 1421 
4870 1327 1531 1396 1566 
4871 478 1522 352 1694 
4872 1057 1271 1239 1603 
4873 748 689 749 1603 
4874 271 1547 1610 1731 
4875 435 457 1419 1728 
4876 1397 1508 1350 1690 
4877 652 563 650 1453 
4878 320 494 496 1597 
4879 1218 1097 1096 1539 
4880 1242 1124 1126 1508 
4881 52 918 793 1513 
4882 52 293 465 1513 
4883 883 802 1529 1708 
4884 763 1535 659 1662 
4885 884 883 802 1529 
4886 410 411 408 1469 
4887 676 699 674 1675 
4888 661 662 1535 1607 
4889 843 845 844 1470 
4890 1336 1548 1397 1681 
4891 671 672 674 1518 
4892 800 982 944 1417 
4893 585 586 1427 1637 
4894 1407 1497 1307 1628 
4895 1220 1149 1147 1626 
4896 1505 1563 1362 1715 
4897 894 997 892 1484 
4898 203 565 732 1206 
4899 1140 1141 1482 1732 
4900 249 259 243 1720 
4901 1304 1508 1409 1627 
4902 630 631 632 1540 
4903 346 348 497 1465 
4904 1225 1178 1179 1658 
4905 520 378 380 1494 
4906 1087 1098 1090 1688 
4907 678 723 679 1653 
4908 990 1026 541 182 
4909 1307 1496 1407 1628 
4910 52 465 918 1513 
4911 1140 1141 1142 1482 
4912 1206 732 203 1045 
4913 720 1561 584 1633 
4914 858 854 859 1598 
4915 523 409 485 1423 
4916 435 330 457 1728 
4917 1110 1117 1112 1521 
4918 1105 1102 1103 1479 
4919 506 522 392 1543 
4920 708 541 1026 182 
4921 706 742 571 1716 
4922 1240 1201 1073 1716 
4923 1348 1481 1387 1667 
4924 890 886 889 1552 
4925 861 831 859 1598 
4926 216 1231 1070 559 
4927 1264 1194 1526 1628 
4928 271 277 1547 1731 
4929 675 674 672 1518 
4930 435 1419 1041 1728 
4931 742 586 782 1637 
4932 1050 773 734 195 
4933 1197 97 485 523 
4934 982 1417 800 1730 
4935 1305 1630 1456 1639 
4936 380 378 379 1494 
4937 1503 1562 1356 1689 
4938 1419 1349 1581 1723 
4939 1199 701 1078 189 
4940 732 772 647 1421 
4941 1002 931 929 1517 
4942 579 600 1586 1734 
4943 358 360 361 1656 
4944 732 1421 647 1710 
4945 1172 1174 1173 1520 
4946 662 664 700 1712 
4947 1146 1147 1148 1480 
4948 1343 1497 1404 1676 
4949 1144 1145 1146 1483 
4950 1048 1199 548 1541 
4951 690 1406 751 1700 
4952 734 1194 1050 194 
4953 1045 1258 1206 1421 
4954 1073 1201 234 571 
4955 241 237 242 1501 
4956 1269 1406 1054 1700 
4957 479 518 302 1418 
4958 898 900 1003 1490 
4959 479 370 518 1418 
4960 616 1413 767 1691 
4961 1404 1486 1343 1676 
4962 853 851 852 1630 
4963 1231 216 698 559 
4964 304 1651 497 1682 
4965 596 741 582 1534 
4966 588 595 1621 1704 
4967 599 744 601 1478 
4968 370 1418 479 1718 
4969 1199 701 548 1541 
4970 1045 1421 732 1710 
4971 579 600 693 1586 
4972 613 614 1428 1659 
4973 609 610 608 1524 
4974 1409 1509 1304 1627 
4975 1016 943 993 1542 
4976 337 464 458 1606 
4977 1000 908 910 1436 
4978 403 1503 402 1689 
4979 1175 1173 1174 1520 
4980 1141 1139 1604 1732 
4981 1219 1118 1236 1495 
4982 920 150 543 1649 
4983 797 22 249 240 
4984 722 725 576 1673 
4985 1068 1197 1166 1423 
4986 1067 1170 1168 1714 
4987 1216 1160 1157 1516 
4988 1156 1157 1438 1642 
4989 449 310 87 855 
4990 327 328 330 1688 
4991 1390 1552 1320 1613 
4992 504 505 455 1604 
4993 38 264 825 273 
4994 1320 1551 1390 1613 
4995 327 1688 330 1728 
4996 1158 1260 1276 1638 
4997 822 1003 992 1599 
4998 1067 1676 1170 1714 
4999 855 310 87 791 
5000 714 580 709 1557 
5001 1169 1171 1265 1497 
5002 621 620 622 1509 
5003 763 661 659 1535 
5004 839 838 840 1462 
5005 1338 1490 1387 1678 
5006 488 411 413 1486 
5007 541 592 708 1422 
5008 342 343 344 1463 
5009 571 1201 234 706 
5010 809 1420 976 1719 
5011 845 843 1010 1470 
5012 1194 734 549 194 
5013 515 1679 359 1696 
5014 1344 1684 1440 1732 
5015 329 331 328 1515 
5016 580 709 1557 1717 
5017 946 1410 686 1725 
5018 1163 1261 1161 1533 
5019 1100 1081 1597 1733 
5020 1111 1437 1114 1695 
5021 470 11 241 297 
5022 489 1455 447 1715 
5023 331 513 476 1515 
5024 1415 1440 1313 1732 
5025 1369 1575 1450 1726 
5026 30 272 1076 263 
5027 264 269 967 1536 
5028 1254 1140 1142 1482 
5029 737 670 668 1496 
5030 555 738 710 1570 
5031 586 587 585 1427 
5032 926 998 927 1492 
5033 1126 1124 1125 1508 
5034 1412 1442 1308 1733 
5035 1033 797 970 1616 
5036 809 979 976 1420 
5037 853 966 851 1584 
5038 26 323 270 469 
5039 457 431 309 1702 
5040 1141 1139 1075 1604 
5041 870 845 1001 1487 
5042 1196 298 450 1573 
5043 1129 1202 1069 1418 
5044 466 368 427 1426 
5045 1062 1272 218 553 
5046 1041 1204 1094 1419 
5047 798 699 941 1572 
5048 1476 1536 1368 1561 
5049 1315 1433 1411 1734 
5050 543 658 695 1649 
5051 1125 1690 1036 1718 
5052 1476 1561 1368 1637 
5053 1146 1148 1257 1480 
5054 365 480 363 1477 
5055 534 420 421 1429 
5056 274 1610 721 1731 
5057 514 1528 430 1702 
5058 1099 1100 1081 1597 
5059 813 1631 873 1665 
5060 360 1631 468 1665 
5061 1394 1506 1346 1674 
5062 350 498 348 1491 
5063 859 831 858 1598 
5064 1233 1664 1413 1695 
5065 1322 1637 1414 1716 
5066 967 825 264 1536 
5067 553 218 1062 726 
5068 536 1687 621 1719 
5069 926 1017 982 1467 
5070 1398 1468 1359 1687 
5071 249 240 259 1616 
5072 800 1417 562 1730 
5073 724 783 574 1561 
5074 349 1601 460 1711 
5075 349 347 460 1601 
5076 473 1530 469 1632 
5077 625 716 684 1420 
5078 954 1010 1650 1683 
5079 1350 1477 1397 1690 
5080 727 1666 616 1691 
5081 605 750 607 1502 
5082 1077 1196 450 1573 
5083 1114 1437 1115 1664 
5084 882 883 979 1708 
5085 369 1448 368 1724 
5086 817 1600 924 1709 
5087 819 1601 871 1711 
5088 575 941 699 1572 
5089 1127 1125 1036 1718 
5090 817 923 924 1600 
5091 412 1600 425 1709 
5092 588 590 718 1704 
5093 713 643 645 1599 
5094 348 349 350 1491 
5095 1456 1630 1345 1639 
5096 389 387 388 1464 
5097 819 844 871 1601 
5098 536 621 623 1719 
5099 425 412 410 1600 
5100 1072 1252 1193 1569 
5101 882 979 809 1420 
5102 603 605 604 1471 
5103 775 1526 549 1628 
5104 723 1485 251 1653 
5105 544 760 759 1550 
5106 759 758 697 1550 
5107 733 644 642 1506 
5108 758 697 1550 1707 
5109 431 514 430 1702 
5110 1119 1270 1666 1695 
5111 1104 1209 1219 1472 
5112 752 767 553 1636 
5113 92 1077 1196 450 
5114 1241 1089 1091 1510 
5115 761 657 655 1512 
5116 700 664 562 1417 
5117 1233 1122 1636 1664 
5118 848 850 1447 1693 
5119 1363 1567 1507 1642 
5120 575 941 141 699 
5121 871 845 870 1487 
5122 311 514 492 1528 
5123 1230 1106 1102 1733 
5124 363 364 365 1477 
5125 982 936 1686 1730 
5126 457 309 435 1419 
5127 368 366 427 1426 
5128 311 1528 492 1701 
5129 548 1199 1048 190 
5130 298 92 1196 450 
5131 612 613 1428 1691 
5132 585 588 595 1621 
5133 580 578 539 1717 
5134 941 798 141 699 
5135 879 878 876 1468 
5136 869 863 862 1661 
5137 937 1002 999 1675 
5138 998 982 936 1686 
5139 894 892 893 1484 
5140 295 452 391 1416 
5141 548 701 1199 190 
5142 908 907 1436 1648 
5143 942 800 944 1417 
5144 956 959 816 1416 
5145 432 353 351 1661 
5146 847 846 968 1632 
5147 1202 479 1418 1718 
5148 1233 1413 1270 1695 
5149 1134 1537 1135 1623 
5150 383 380 382 1481 
5151 1197 1423 485 1714 
5152 1047 14 239 1571 
5153 502 302 518 1698 
5154 598 740 599 1734 
5155 464 1505 475 1715 
5156 298 512 1573 1671 
5157 962 1446 867 1646 
5158 242 260 248 1571 
5159 1428 1659 1413 1691 
5160 926 927 924 1492 
5161 1006 798 1572 1675 
5162 1084 1539 1624 1692 
5163 944 943 942 1712 
5164 304 497 498 1682 
5165 303 517 500 1681 
5166 492 491 459 1701 
5167 878 877 876 1468 
5168 261 26 323 270 
5169 1023 1001 804 1683 
5170 1267 1195 1266 1644 
5171 354 478 352 1694 
5172 803 1014 991 1680 
5173 928 930 815 1663 
5174 930 1568 938 1663 
5175 867 864 865 1446 
5176 690 1229 1054 221 
5177 900 898 896 1490 
5178 11 241 297 237 
5179 412 413 411 1486 
5180 436 503 1532 1698 
5181 417 414 316 1663 
5182 245 240 969 1616 
5183 91 1179 1077 326 
5184 575 140 827 679 
5185 714 594 596 1534 
5186 1163 1162 1164 1533 
5187 644 643 642 1506 
5188 821 542 857 186 
5189 584 585 542 1621 
5190 352 353 354 1694 
5191 911 907 918 1513 
5192 471 27 323 261 
5193 1161 1160 1162 1533 
5194 436 502 503 1698 
5195 472 10 297 237 
5196 1156 1155 1157 1642 
5197 351 349 318 1711 
5198 1020 1008 786 1613 
5199 690 556 1229 221 
5200 858 790 853 1424 
5201 1056 1212 1238 1570 
5202 580 714 582 1534 
5203 414 412 467 1709 
5204 565 758 772 1707 
5205 999 998 799 1686 
5206 928 940 924 1709 
5207 1138 1140 1253 1732 
5208 1143 1046 1145 1576 
5209 871 869 963 1711 
5210 542 583 857 186 
5211 832 834 833 1556 
5212 1170 1171 1169 1497 
5213 896 895 1678 1722 
5214 1184 1243 1493 1627 
5215 656 657 658 1512 
5216 1118 1219 1221 1495 
5217 1228 765 726 219 
5218 399 397 465 1513 
5219 437 950 1654 1657 
5220 27 471 265 261 
5221 769 730 638 1569 
5222 441 103 1188 1583 
5223 797 969 240 1616 
5224 1413 1664 1437 1695 
5225 450 91 1077 326 
5226 827 941 140 575 
5227 1275 1235 1159 1550 
5228 10 472 246 237 
5229 400 1432 399 1689 
5230 322 50 801 1582 
5231 82 785 458 1580 
5232 896 897 895 1722 
5233 492 339 338 1555 
5234 658 659 660 1535 
5235 1287 1596 1434 1727 
5236 720 584 583 1633 
5237 767 1659 613 1691 
5238 954 1001 1010 1683 
5239 1268 1541 1048 1644 
5240 660 661 662 1535 
5241 606 605 607 1502 
5242 510 511 440 1554 
5243 991 995 881 1680 
5244 648 649 650 1608 
5245 1088 1087 1089 1558 
5246 726 1062 1228 219 
5247 386 1678 463 1722 
5248 356 1425 357 1656 
5249 1368 1447 1427 1621 
5250 442 500 501 1681 
5251 498 499 434 1682 
5252 1446 1577 1425 1631 
5253 1418 1350 1578 1727 
5254 684 1420 809 1719 
5255 513 495 449 1584 
5256 764 548 1541 1644 
5257 564 639 641 1579 
5258 1198 1172 1170 1676 
5259 818 951 981 1426 
5260 914 1545 1620 1729 
5261 1322 1547 1476 1731 
5262 388 386 463 1722 
5263 1012 1621 945 1704 
5264 1331 1558 1408 1669 
5265 698 753 752 1636 
5266 544 694 760 1640 
5267 654 655 656 1611 
5268 409 485 1423 1714 
5269 920 812 996 1649 
5270 446 513 445 1584 
5271 120 477 303 1721 
5272 629 626 754 1615 
5273 1012 1011 945 1621 
5274 1064 1259 1550 1707 
5275 478 359 515 1679 
5276 478 354 359 1694 
5277 307 1532 503 1699 
5278 1090 1091 1089 1510 
5279 943 1553 939 1712 
5280 1115 1437 1111 1721 
5281 1111 1114 1113 1695 
5282 984 841 1024 1586 
5283 373 371 317 1560 
5284 360 357 468 1631 
5285 441 294 103 1583 
5286 723 238 251 1485 
5287 1437 1696 1111 1721 
5288 355 1425 356 1694 
5289 1188 103 1044 1583 
5290 701 576 1078 189 
5291 905 801 50 1582 
5292 813 962 873 1631 
5293 291 447 446 1424 
5294 82 828 785 1580 
5295 322 439 50 1582 
5296 458 290 82 1580 
5297 932 938 930 1568 
5298 712 636 639 1725 
5299 267 270 261 1530 
5300 747 557 1511 1634 
5301 1058 1244 1511 1634 
5302 669 668 670 1496 
5303 1522 1565 1325 1694 
5304 1188 441 1583 1605 
5305 484 521 1576 1626 
5306 618 617 615 1549 
5307 943 980 939 1553 
5308 587 588 1427 1643 
5309 1087 1088 1086 1558 
5310 1258 1259 1206 1707 
5311 956 1416 295 1722 
5312 867 1574 995 1646 
5313 812 980 996 1553 
5314 298 526 512 1671 
5315 727 751 556 1666 
5316 712 639 1579 1725 
5317 1064 1259 1235 1550 
5318 243 237 246 1501 
5319 613 615 614 1659 
5320 444 407 405 1602 
5321 307 503 482 1699 
5322 1183 120 303 1721 
5323 1368 1561 1536 1633 
5324 970 22 249 797 
5325 727 765 616 1666 
5326 908 906 907 1648 
5327 764 776 548 1644 
5328 1318 1555 1385 1606 
5329 1442 1668 1308 1733 
5330 1086 1088 1283 1558 
5331 1330 1631 1425 1656 
5332 1385 1556 1318 1606 
5333 987 860 1026 1697 
5334 1269 1119 1229 1666 
5335 978 453 64 1560 
5336 968 38 825 273 
5337 801 322 1582 1602 
5338 120 1210 477 1721 
5339 766 1493 627 1627 
5340 962 960 1577 1631 
5341 948 925 947 1602 
5342 1066 1151 1149 1605 
5343 983 981 887 1726 
5344 456 493 494 1597 
5345 962 864 867 1446 
5346 890 1020 886 1552 
5347 1205 1239 1236 1603 
5348 1114 1664 1233 1695 
5349 1446 1574 867 1646 
5350 1335 1565 1522 1694 
5351 486 300 1554 1703 
5352 369 518 367 1448 
5353 951 952 981 1426 
5354 916 915 959 1620 
5355 301 520 504 1604 
5356 1419 1581 1455 1723 
5357 741 745 687 1457 
5358 1108 1251 1245 1457 
5359 272 1223 30 1076 
5360 788 863 1577 1661 
5361 948 993 925 1542 
5362 1205 1603 1236 1700 
5363 903 994 1003 1599 
5364 886 888 885 1474 
5365 826 1568 934 1645 
5366 808 1022 1012 1704 
5367 356 1546 1425 1656 
5368 23 797 969 240 
5369 1224 15 239 1047 
5370 511 486 300 1554 
5371 276 283 268 1476 
5372 616 767 613 1691 
5373 409 525 485 1714 
5374 1123 1121 1120 1548 
5375 554 750 749 1603 
5376 585 584 586 1637 
5377 1231 1122 1274 1636 
5378 373 1489 372 1724 
5379 1052 1248 1249 1458 
5380 1260 1261 1191 1461 
5381 616 726 767 1413 
5382 1275 1159 1234 1640 
5383 245 23 969 240 
5384 15 239 247 1224 
5385 517 1546 356 1656 
5386 868 1023 973 1670 
5387 750 1603 554 1700 
5388 294 1044 103 1583 
5389 704 619 621 1687 
5390 306 499 478 1679 
5391 1267 1268 1048 1644 
5392 905 50 439 1582 
5393 290 828 82 1580 
5394 618 619 617 1549 
5395 477 1546 517 1721 
5396 762 1461 763 1662 
5397 1222 31 1076 263 
5398 967 39 264 825 
5399 453 317 64 1560 
5400 1121 1116 1120 1548 
5401 31 1222 271 263 
5402 39 264 269 967 
5403 331 476 328 1515 
5404 482 381 519 1699 
5405 612 611 613 1691 
5406 484 390 521 1626 
5407 1132 1134 1249 1537 
5408 1084 1245 1539 1692 
5409 978 1560 888 1613 
5410 1006 1002 798 1675 
5411 1187 1674 1256 1710 
5412 1097 1084 1245 1539 
5413 1425 1546 356 1694 
5414 394 396 507 1475 
5415 495 532 310 1566 
5416 573 148 695 1553 
5417 1257 1187 1256 1710 
5418 1315 1668 1433 1734 
5419 1062 1270 1233 1413 
5420 763 762 696 1461 
5421 625 626 628 1615 
5422 509 398 400 1432 
5423 1047 1225 14 1571 
5424 755 754 692 1458 
5425 423 287 72 1577 
5426 978 64 1019 1560 
5427 813 70 468 1665 
5428 14 248 239 1571 
5429 1425 1446 1325 1577 
5430 148 573 939 1553 
5431 1114 1115 1116 1664 
5432 120 1183 1210 1721 
5433 1443 1639 1345 1643 
5434 1125 1123 1203 1690 
5435 863 864 788 1577 
5436 788 72 287 1577 
5437 423 72 960 1577 
5438 812 695 148 1553 
5439 506 392 394 1543 
5440 567 162 802 1529 
5441 912 1545 914 1729 
5442 917 54 313 1527 
5443 426 54 796 1527 
5444 162 703 904 1529 
5445 1295 1639 1439 1723 
5446 912 914 1009 1729 
5447 523 486 409 1703 
5448 359 356 1546 1694 
5449 377 376 375 1551 
5450 369 368 371 1724 
5451 567 703 162 1529 
5452 932 934 826 1568 
5453 379 377 429 1677 
5454 917 796 54 1527 
5455 426 313 54 1527 
5456 317 1019 64 1560 
5457 162 904 802 1529 
5458 407 406 405 1538 
5459 1082 1084 1218 1539 
5460 933 931 1006 1449 
5461 1080 1083 1082 1624 
5462 631 629 755 1540 
5463 1182 113 1213 1532 
5464 864 962 960 1577 
5465 487 416 526 1671 
5466 1135 1134 1133 1537 
5467 311 1215 131 1528 
5468 483 390 522 1626 
5469 1233 1122 1272 1636 
5470 835 830 833 1556 
5471 131 1040 430 1528 
5472 776 673 736 1644 
5473 1114 1233 1270 1695 
5474 1228 1119 1270 1666 
5475 131 1215 1040 1528 
5476 113 1182 436 1532 
5477 1013 986 868 1670 
5478 626 629 628 1615 
5479 978 888 1020 1613 
5480 1236 1269 1054 1700 
5481 430 311 131 1528 
5482 335 338 337 1555 
5483 489 447 461 1715 
5484 307 1213 113 1532 
5485 713 645 545 1525 
5486 812 148 939 1553 
5487 355 354 353 1694 
5488 457 490 489 1455 
5489 1076 1226 1222 1547 
5490 588 585 587 1427 
5491 806 1557 988 1697 
5492 829 828 831 1580 
5493 386 384 428 1678 
5494 979 887 953 1450 
5495 788 960 72 1577 
5496 590 588 589 1643 
5497 628 629 630 1540 
5498 1150 1149 1151 1544 
5499 477 1696 1546 1721 
5500 547 18 723 238 
5501 912 1009 1005 1629 
5502 1084 1082 1083 1624 
5503 989 841 1021 1586 
5504 439 403 401 1582 
5505 158 805 712 1579 
5506 113 436 307 1532 
5507 271 277 263 1547 
5508 1418 1578 1448 1727 
5509 420 419 1429 1713 
5510 1044 1155 1153 1583 
5511 949 905 906 1582 
5512 916 914 915 1620 
5513 1504 1559 1336 1656 
5514 1327 1566 1396 1693 
5515 597 724 721 1610 
5516 401 400 399 1689 
5517 834 1557 1015 1717 
5518 965 873 962 1646 
5519 265 272 266 1622 
5520 612 613 614 1428 
5521 1193 1253 1053 1569 
5522 1223 1283 1076 1547 
5523 914 913 915 1545 
5524 795 901 896 1678 
5525 245 1616 969 1653 
5526 286 366 364 1635 
5527 104 441 1188 1605 
5528 517 356 358 1656 
5529 806 988 987 1697 
5530 367 368 369 1448 
5531 107 521 1180 1576 
5532 983 885 888 1726 
5533 443 43 324 1568 
5534 967 1536 269 1633 
5535 1225 1284 1178 1571 
5536 707 740 555 1570 
5537 540 709 180 1557 
5538 826 324 43 1568 
5539 801 49 322 1602 
5540 1196 298 1573 1671 
5541 358 357 360 1656 
5542 1330 1559 1504 1656 
5543 384 382 314 1667 
5544 509 510 321 1516 
5545 938 43 443 1568 
5546 953 887 981 1450 
5547 849 1447 850 1693 
5548 540 180 806 1557 
5549 813 872 70 1665 
5550 319 468 70 1665 
5551 798 699 1572 1675 
5552 948 1016 993 1542 
5553 651 653 652 1523 
5554 233 706 1201 1634 
5555 533 471 323 1530 
5556 805 977 893 1725 
5557 1264 1265 1194 1628 
5558 1018 879 1687 1719 
5559 1115 1114 1111 1437 
5560 690 751 750 1700 
5561 1273 1056 1230 1570 
5562 323 469 473 1530 
5563 522 506 315 1605 
5564 1071 125 304 1651 
5565 376 374 375 1551 
5566 158 712 564 1579 
5567 1015 834 988 1557 
5568 1050 1264 1194 1526 
5569 1161 1261 1260 1638 
5570 1059 1184 1243 1493 
5571 734 549 775 1526 
5572 437 950 78 1654 
5573 764 677 675 1451 
5574 1152 1150 1151 1544 
5575 1175 1177 1268 1452 
5576 477 517 303 1721 
5577 107 1180 1046 1576 
5578 1048 1541 548 1644 
5579 405 406 404 1538 
5580 201 1275 544 1550 
5581 1306 1639 1443 1643 
5582 201 544 697 1550 
5583 681 602 604 1650 
5584 1016 949 909 1499 
5585 356 355 357 1425 
5586 1086 1622 1085 1669 
5587 574 34 262 1561 
5588 1440 1684 1313 1732 
5589 935 1645 970 1720 
5590 1015 180 709 1557 
5591 938 826 43 1568 
5592 730 551 770 1569 
5593 68 454 880 1635 
5594 971 969 1616 1653 
5595 158 958 805 1579 
5596 691 747 557 1511 
5597 1244 1189 1058 1511 
5598 903 794 994 1525 
5599 805 1579 977 1725 
5600 648 545 645 1525 
5601 335 334 336 1657 
5602 958 992 977 1579 
5603 461 290 464 1580 
5604 516 1690 480 1718 
5605 201 697 1064 1550 
5606 473 340 1566 1632 
5607 954 174 711 1650 
5608 771 733 1674 1710 
5609 239 260 253 1571 
5610 837 823 835 1657 
5611 1273 225 707 1647 
5612 1329 1671 1573 1713 
5613 14 1225 248 1571 
5614 505 484 296 1576 
5615 245 252 1616 1653 
5616 104 315 441 1605 
5617 1015 806 180 1557 
5618 1018 976 879 1719 
5619 107 296 521 1576 
5620 1188 1066 104 1605 
5621 1190 1063 99 1554 
5622 345 343 288 1654 
5623 359 354 356 1694 
5624 490 447 489 1455 
5625 333 325 1622 1669 
5626 801 947 49 1602 
5627 1217 1209 1101 1651 
5628 201 1064 1275 1550 
5629 437 79 950 1657 
5630 1176 1177 1175 1452 
5631 1070 215 559 1627 
5632 475 464 339 1505 
5633 477 359 1546 1696 
5634 322 49 444 1602 
5635 440 99 1063 1554 
5636 676 675 677 1451 
5637 354 355 356 1694 
5638 785 458 1580 1606 
5639 107 1046 296 1576 
5640 1184 1242 1243 1627 
5641 655 657 656 1512 
5642 839 842 789 1654 
5643 1190 99 300 1554 
5644 158 564 958 1579 
5645 728 627 766 1493 
5646 462 824 1667 1677 
5647 782 586 724 1637 
5648 1152 1153 1154 1507 
5649 832 829 861 1500 
5650 934 970 935 1645 
5651 967 972 1536 1633 
5652 551 1053 207 1655 
5653 238 547 19 722 
5654 248 1571 1225 1658 
5655 1059 1243 1246 1493 
5656 516 480 370 1718 
5657 403 402 401 1689 
5658 266 267 261 1530 
5659 1025 834 974 1717 
5660 403 404 402 1503 
5661 1256 1074 1255 1674 
5662 244 260 242 1454 
5663 104 1066 315 1605 
5664 372 373 374 1489 
5665 771 647 733 1710 
5666 269 1536 276 1633 
5667 916 1620 1007 1729 
5668 356 357 358 1656 
5669 1245 1060 1457 1692 
5670 947 444 49 1602 
5671 1070 1184 215 1627 
5672 877 952 787 1635 
5673 813 468 1631 1665 
5674 440 300 99 1554 
5675 706 233 557 1634 
5676 233 1201 1058 1634 
5677 272 263 284 1547 
5678 965 867 995 1646 
5679 278 276 1476 1561 
5680 488 1676 299 1714 
5681 525 488 299 1714 
5682 1157 1158 1156 1438 
5683 1237 1083 1624 1692 
5684 723 784 547 1485 
5685 524 488 416 1676 
5686 121 515 477 1696 
5687 253 260 244 1454 
5688 88 846 791 1566 
5689 774 193 1049 1628 
5690 910 908 907 1436 
5691 570 707 225 1647 
5692 975 901 957 1667 
5693 1071 1217 125 1651 
5694 304 125 433 1651 
5695 400 398 399 1432 
5696 174 681 711 1650 
5697 1437 1546 1335 1696 
5698 880 787 68 1635 
5699 437 78 288 1654 
5700 68 286 454 1635 
5701 789 78 950 1654 
5702 507 508 294 1583 
5703 325 137 1085 1669 
5704 319 70 872 1665 
5705 931 933 932 1449 
5706 310 88 791 1566 
5707 873 874 872 1665 
5708 766 559 215 1627 
5709 1264 1050 1263 1526 
5710 850 849 1011 1447 
5711 251 254 252 1485 
5712 1037 1110 1679 1696 
5713 362 360 319 1665 
5714 983 888 1019 1560 
5715 1232 225 1273 1647 
5716 791 1566 847 1693 
5717 855 86 449 1584 
5718 1178 1176 1077 1573 
5719 575 676 678 1572 
5720 47 312 922 1600 
5721 76 424 856 1601 
5722 320 1038 127 1597 
5723 421 420 419 1429 
5724 1057 223 689 1603 
5725 339 337 338 1555 
5726 691 746 747 1511 
5727 1189 1244 1247 1511 
5728 60 462 824 1667 
5729 121 477 1210 1696 
5730 534 472 297 1501 
5731 766 215 1184 1627 
5732 747 743 557 1634 
5733 1058 1241 1244 1634 
5734 1087 1086 1042 1669 
5735 1008 997 921 1677 
5736 954 807 174 1650 
5737 437 334 79 1657 
5738 950 79 823 1657 
5739 543 715 656 1649 
5740 613 1659 1428 1691 
5741 1037 515 121 1696 
5742 737 775 549 1628 
5743 1049 193 1194 1628 
5744 822 685 156 1599 
5745 1058 557 233 1634 
5746 848 849 850 1693 
5747 451 333 329 1669 
5748 855 966 86 1584 
5749 445 86 966 1584 
5750 512 531 1573 1713 
5751 1053 1208 207 1655 
5752 1004 994 794 1525 
5753 1254 1255 1208 1655 
5754 445 449 86 1584 
5755 538 1024 176 1586 
5756 109 455 1207 1604 
5757 453 1560 978 1613 
5758 819 460 76 1601 
5759 156 713 903 1599 
5760 424 76 460 1601 
5761 817 425 47 1600 
5762 922 817 47 1600 
5763 1084 1624 1083 1692 
5764 456 127 1099 1597 
5765 76 856 819 1601 
5766 425 312 47 1600 
5767 156 685 713 1599 
5768 830 832 833 1556 
5769 320 127 456 1597 
5770 1038 1099 127 1597 
5771 554 223 1205 1603 
5772 705 551 207 1655 
5773 766 627 729 1627 
5774 1205 223 1057 1603 
5775 538 176 693 1586 
5776 308 501 480 1690 
5777 689 223 554 1603 
5778 965 962 867 1646 
5779 787 286 68 1635 
5780 549 193 774 1628 
5781 546 733 757 1674 
5782 109 1075 301 1604 
5783 570 748 744 1647 
5784 574 720 34 1561 
5785 109 1207 1075 1604 
5786 250 238 19 722 
5787 543 656 658 1649 
5788 985 879 1014 1687 
5789 244 254 253 1454 
5790 176 989 693 1586 
5791 960 71 423 1631 
5792 248 1280 257 1658 
5793 903 822 156 1599 
5794 1223 1085 1086 1622 
5795 728 768 627 1493 
5796 1232 570 225 1647 
5797 304 1071 1651 1682 
5798 1114 1437 1664 1695 
5799 1217 433 125 1651 
5800 597 779 1278 1610 
5801 848 791 847 1693 
5802 1107 597 1610 1716 
5803 496 497 433 1651 
5804 60 314 462 1667 
5805 789 288 78 1654 
5806 463 58 895 1678 
5807 455 109 301 1604 
5808 275 276 1561 1633 
5809 176 1024 989 1586 
5810 1009 814 1453 1729 
5811 420 418 419 1713 
5812 1279 1223 281 1622 
5813 1277 777 576 1673 
5814 1042 1085 137 1669 
5815 359 517 477 1546 
5816 705 757 756 1655 
5817 174 807 681 1650 
5818 711 954 1650 1683 
5819 783 584 720 1561 
5820 282 273 1030 1632 
5821 586 783 724 1637 
5822 273 270 267 1632 
5823 340 846 88 1566 
5824 1336 1546 1437 1721 
5825 477 1210 1696 1721 
5826 1157 1181 1216 1516 
5827 1194 193 549 1628 
5828 1028 422 935 1720 
5829 325 471 333 1622 
5830 287 423 355 1577 
5831 325 451 137 1669 
5832 423 1577 960 1631 
5833 1120 1183 1681 1721 
5834 1037 1111 1110 1696 
5835 464 475 461 1715 
5836 1210 1037 121 1696 
5837 1253 1193 1252 1569 
5838 334 823 79 1657 
5839 740 738 555 1570 
5840 785 81 458 1606 
5841 289 81 961 1606 
5842 771 205 1187 1674 
5843 462 61 824 1677 
5844 783 586 584 1637 
5845 761 694 572 1640 
5846 237 243 242 1501 
5847 912 910 911 1629 
5848 63 786 285 1613 
5849 60 824 957 1667 
5850 558 755 692 1458 
5851 207 1208 705 1655 
5852 960 813 71 1631 
5853 914 1620 916 1729 
5854 1227 1284 1047 1571 
5855 423 71 468 1631 
5856 477 515 359 1696 
5857 289 458 81 1606 
5858 785 961 81 1606 
5859 696 550 763 1461 
5860 63 453 978 1613 
5861 310 340 88 1566 
5862 721 279 779 1610 
5863 1180 1576 521 1626 
5864 563 652 683 1453 
5865 422 1028 530 1720 
5866 1052 1249 1192 1458 
5867 241 242 248 1658 
5868 1043 1234 1276 1640 
5869 473 340 532 1566 
5870 63 285 453 1613 
5871 813 468 71 1631 
5872 561 741 687 1457 
5873 1060 1108 1245 1457 
5874 1225 1280 248 1658 
5875 1051 1191 1261 1461 
5876 1085 1622 325 1669 
5877 968 1030 273 1632 
5878 63 978 786 1613 
5879 254 238 250 1485 
5880 60 957 314 1667 
5881 919 1009 814 1453 
5882 721 274 279 1610 
5883 807 1010 984 1650 
5884 117 516 1036 1690 
5885 1107 597 1278 1610 
5886 595 945 185 1621 
5887 1322 1610 1547 1731 
5888 775 666 734 1526 
5889 1223 272 281 1622 
5890 250 247 253 1673 
5891 920 1000 811 1649 
5892 1042 137 451 1669 
5893 542 185 821 1621 
5894 795 895 58 1678 
5895 793 918 907 1513 
5896 463 428 58 1678 
5897 1073 571 235 1716 
5898 846 1566 340 1632 
5899 465 293 399 1513 
5900 422 1645 935 1720 
5901 251 723 18 238 
5902 1105 1271 1232 1647 
5903 1074 1187 205 1674 
5904 1277 576 1078 1673 
5905 788 1577 287 1661 
5906 106 1180 521 1626 
5907 61 462 429 1677 
5908 1107 235 597 1716 
5909 694 761 760 1640 
5910 1160 1161 1158 1638 
5911 826 42 324 1645 
5912 1107 1073 235 1716 
5913 597 235 571 1716 
5914 324 1568 826 1645 
5915 595 185 542 1621 
5916 777 255 722 1673 
5917 536 1018 166 1687 
5918 106 1220 1180 1626 
5919 483 1220 106 1626 
5920 695 660 573 1553 
5921 821 185 945 1621 
5922 722 255 250 1673 
5923 1222 279 271 1610 
5924 1238 1230 1056 1570 
5925 651 649 758 1608 
5926 655 653 760 1611 
5927 784 725 547 1485 
5928 771 546 205 1674 
5929 254 251 238 1485 
5930 443 938 1568 1663 
5931 1120 1115 1183 1721 
5932 61 921 824 1677 
5933 1134 1135 1136 1623 
5934 528 281 265 1622 
5935 712 1579 805 1725 
5936 795 58 428 1678 
5937 297 474 534 1501 
5938 303 1681 1183 1721 
5939 1030 846 529 1632 
5940 373 372 371 1724 
5941 521 483 106 1626 
5942 778 583 1029 1633 
5943 884 886 885 1474 
5944 1196 1077 1176 1573 
5945 372 374 503 1489 
5946 967 857 972 1633 
5947 265 471 528 1622 
5948 938 443 44 1663 
5949 699 676 575 1572 
5950 920 996 1000 1649 
5951 1203 117 1036 1690 
5952 730 770 638 1569 
5953 743 589 587 1643 
5954 527 1280 1179 1658 
5955 394 395 396 1475 
5956 780 1027 679 1653 
5957 788 287 73 1661 
5958 529 846 340 1632 
5959 828 829 785 1580 
5960 1226 1107 1222 1610 
5961 403 439 322 1582 
5962 325 1085 528 1622 
5963 972 825 967 1536 
5964 1011 1031 821 1621 
5965 583 857 1029 1633 
5966 567 1529 802 1708 
5967 61 429 921 1677 
5968 1044 1153 1188 1583 
5969 861 988 832 1500 
5970 278 1561 1476 1731 
5971 781 764 701 1541 
5972 1152 1154 1235 1507 
5973 1074 205 546 1674 
5974 1268 1281 1199 1541 
5975 704 536 166 1687 
5976 258 1028 21 1720 
5977 917 1527 313 1706 
5978 582 581 580 1612 
5979 904 1529 703 1705 
5980 269 280 967 1633 
5981 593 596 594 1609 
5982 326 527 1179 1658 
5983 1215 1528 311 1701 
5984 827 679 1027 1653 
5985 909 980 1016 1499 
5986 596 582 714 1534 
5987 95 1067 299 1676 
5988 402 404 511 1503 
5989 458 464 290 1580 
5990 797 971 969 1616 
5991 826 935 42 1645 
5992 422 324 42 1645 
5993 1164 1165 1163 1614 
5994 236 1278 597 779 
5995 1277 576 777 188 
5996 573 939 1553 1712 
5997 540 1557 806 1697 
5998 430 1528 1040 1702 
5999 1222 1278 279 1610 
6000 248 1280 13 257 
6001 1282 1240 1073 1716 
6002 742 782 571 1716 
6003 275 262 34 1561 
6004 373 317 453 1560 
6005 1132 1130 1131 1594 
6006 1163 1161 1162 1533 
6007 1096 1097 1095 1595 
6008 1279 29 281 1223 
6009 308 516 117 1690 
6010 1182 436 1532 1698 
6011 1237 1084 1083 1692 
6012 422 42 935 1645 
6013 473 469 340 1632 
6014 514 475 339 1505 
6015 319 360 468 1665 
6016 95 1198 1067 1676 
6017 905 949 801 1582 
6018 443 324 419 1568 
6019 872 813 873 1665 
6020 270 282 469 1632 
6021 659 661 660 1535 
6022 1213 1532 307 1699 
6023 554 1205 222 1700 
6024 470 326 474 1658 
6025 662 661 663 1607 
6026 438 509 321 1516 
6027 971 827 969 1653 
6028 166 1018 985 1687 
6029 258 21 249 1720 
6030 316 815 44 1663 
6031 1279 528 1085 1622 
6032 73 432 862 1661 
6033 1224 1078 1227 1673 
6034 1226 1076 1283 1547 
6035 764 548 701 1541 
6036 1213 1133 1182 1532 
6037 633 632 631 1588 
6038 1048 1268 1199 1541 
6039 1245 1237 1060 1692 
6040 895 463 1678 1722 
6041 1203 308 117 1690 
6042 166 985 704 1687 
6043 269 264 276 1536 
6044 217 553 1272 1636 
6045 917 913 796 1527 
6046 714 709 540 1557 
6047 75 460 819 1711 
6048 46 425 817 1709 
6049 938 44 815 1663 
6050 1198 95 524 1676 
6051 395 313 426 1527 
6052 316 44 443 1663 
6053 884 802 904 1529 
6054 703 567 630 1529 
6055 1215 1218 1040 1528 
6056 548 191 1048 1644 
6057 73 862 788 1661 
6058 946 686 159 1725 
6059 1006 798 941 1572 
6060 298 512 450 1573 
6061 365 366 367 1578 
6062 432 73 287 1661 
6063 1136 1250 1134 1623 
6064 1029 967 280 1633 
6065 697 1064 1550 1707 
6066 1159 1276 1234 1640 
6067 282 273 37 1030 
6068 1032 1006 941 1572 
6069 1132 1133 1134 1537 
6070 295 57 956 1722 
6071 450 512 531 1573 
6072 1205 554 1603 1700 
6073 969 256 245 1653 
6074 711 681 604 1650 
6075 469 282 529 1632 
6076 972 1034 825 1536 
6077 1231 698 217 1636 
6078 275 269 276 1633 
6079 771 1674 1187 1710 
6080 1180 1145 1046 1576 
6081 280 40 269 967 
6082 271 1222 32 279 
6083 1009 1007 814 1729 
6084 1218 1084 1097 1539 
6085 367 370 365 1578 
6086 300 1190 1554 1703 
6087 460 1601 819 1711 
6088 914 912 913 1545 
6089 817 425 1600 1709 
6090 1162 1063 1190 1554 
6091 712 639 564 1579 
6092 247 255 1224 1673 
6093 245 251 252 1653 
6094 257 470 241 1658 
6095 217 698 553 1636 
6096 271 1610 274 1731 
6097 1015 1557 709 1717 
6098 515 1037 1679 1696 
6099 276 268 278 1476 
6100 95 299 524 1676 
6101 1280 248 13 1225 
6102 1209 1217 1071 1651 
6103 530 246 472 1720 
6104 343 437 288 1654 
6105 1188 1151 1066 1605 
6106 1223 29 281 272 
6107 526 418 512 1713 
6108 245 252 240 1616 
6109 469 270 25 282 
6110 325 138 528 1085 
6111 1195 191 736 1644 
6112 945 595 184 1704 
6113 789 950 839 1654 
6114 236 1278 1107 597 
6115 1122 1233 1116 1664 
6116 476 446 490 1581 
6117 1272 1231 217 1636 
6118 1277 1078 576 188 
6119 530 258 246 1720 
6120 507 294 441 1583 
6121 93 298 1196 1671 
6122 587 589 588 1643 
6123 322 444 405 1602 
6124 801 948 947 1602 
6125 245 969 24 256 
6126 255 16 247 1224 
6127 937 566 142 1675 
6128 1012 852 850 1630 
6129 142 699 798 1675 
6130 1028 41 935 422 
6131 877 787 880 1635 
6132 334 437 336 1657 
6133 950 823 837 1657 
6134 262 1561 278 1731 
6135 263 277 284 1547 
6136 1036 1690 516 1718 
6137 1048 191 1195 1644 
6138 286 364 454 1635 
6139 204 1045 732 1710 
6140 631 630 629 1540 
6141 803 168 569 1680 
6142 850 852 851 1630 
6143 241 257 12 470 
6144 1071 304 124 1682 
6145 303 119 1183 1681 
6146 804 173 568 1683 
6147 653 651 759 1523 
6148 243 246 249 1720 
6149 502 369 372 1724 
6150 275 34 720 1561 
6151 1054 222 1205 1700 
6152 1119 1113 1270 1695 
6153 462 314 382 1667 
6154 752 615 767 1659 
6155 273 968 37 1030 
6156 953 952 878 1585 
6157 736 191 548 1644 
6158 995 867 986 1574 
6159 327 1214 135 1688 
6160 653 655 654 1611 
6161 693 600 538 1586 
6162 799 144 717 1686 
6163 745 596 593 1609 
6164 963 318 75 1711 
6165 940 467 46 1709 
6166 595 945 1621 1704 
6167 649 651 650 1608 
6168 969 1027 256 1653 
6169 171 973 688 1670 
6170 527 470 257 1658 
6171 1098 292 135 1688 
6172 40 280 1029 967 
6173 529 469 25 282 
6174 1278 32 1222 279 
6175 810 995 986 1574 
6176 515 1037 122 1679 
6177 735 663 661 1607 
6178 690 222 1054 1700 
6179 93 1065 487 1671 
6180 1165 1262 1163 1614 
6181 953 878 976 1585 
6182 116 479 1202 1718 
6183 582 739 581 1612 
6184 719 168 881 1680 
6185 171 537 1013 1670 
6186 144 936 682 1686 
6187 119 442 1055 1681 
6188 780 251 256 1653 
6189 536 1018 1687 1719 
6190 554 222 690 1700 
6191 1211 124 434 1682 
6192 711 173 954 1683 
6193 1279 528 138 1085 
6194 709 179 1015 1717 
6195 330 476 490 1581 
6196 1109 306 122 1679 
6197 1028 41 422 530 
6198 718 808 184 1704 
6199 778 280 275 1633 
6200 1277 1224 255 1673 
6201 46 817 940 1709 
6202 460 347 424 1601 
6203 460 75 318 1711 
6204 963 75 819 1711 
6205 791 846 847 1566 
6206 1099 1038 1100 1597 
6207 425 46 467 1709 
6208 819 856 844 1601 
6209 939 573 147 1712 
6210 1019 888 978 1560 
6211 359 356 517 1546 
6212 1207 1141 1075 1604 
6213 855 851 966 1584 
6214 410 312 425 1600 
6215 248 260 239 1571 
6216 96 1197 485 1714 
6217 703 161 904 1705 
6218 1159 1154 1156 1642 
6219 171 688 537 1670 
6220 685 643 713 1599 
6221 93 1196 1065 1671 
6222 311 130 1215 1701 
6223 684 809 165 1719 
6224 271 274 277 1731 
6225 895 57 463 1722 
6226 802 163 567 1708 
6227 142 798 937 1675 
6228 1109 122 1037 1679 
6229 1097 1251 1095 1595 
6230 1229 220 556 1666 
6231 1027 24 969 256 
6232 16 255 1277 1224 
6233 257 527 12 470 
6234 699 142 566 1675 
6235 430 514 311 1528 
6236 556 220 765 1666 
6237 633 631 731 1588 
6238 942 147 700 1712 
6239 459 1039 130 1701 
6240 114 1069 302 1698 
6241 765 220 1228 1666 
6242 914 916 1007 1729 
6243 723 251 780 1653 
6244 307 436 503 1532 
6245 820 161 535 1705 
6246 922 923 817 1600 
6247 805 946 159 1725 
6248 712 159 686 1725 
6249 430 1040 132 1702 
6250 309 132 1204 1702 
6251 1187 1045 204 1710 
6252 313 55 917 1706 
6253 895 956 57 1722 
6254 144 682 717 1686 
6255 512 420 531 1713 
6256 712 805 159 1725 
6257 719 569 168 1680 
6258 1132 1248 1130 1594 
6259 295 463 57 1722 
6260 487 298 93 1671 
6261 1546 1696 1437 1721 
6262 805 958 977 1579 
6263 119 1055 1183 1681 
6264 816 55 452 1706 
6265 1211 1071 124 1682 
6266 711 568 173 1683 
6267 96 1067 1197 1714 
6268 697 202 1064 1707 
6269 945 184 808 1704 
6270 718 184 595 1704 
6271 468 357 423 1631 
6272 778 275 720 1633 
6273 795 896 895 1678 
6274 323 473 533 1530 
6275 1187 204 771 1710 
6276 337 458 289 1606 
6277 539 179 709 1717 
6278 727 616 611 1691 
6279 830 961 785 1606 
6280 962 813 960 1631 
6281 1190 300 98 1703 
6282 1206 202 565 1707 
6283 114 436 1182 1698 
6284 803 881 168 1680 
6285 429 462 379 1677 
6286 386 428 463 1678 
6287 1098 135 1214 1688 
6288 1220 1147 1180 1626 
6289 570 744 707 1647 
6290 971 797 1033 1616 
6291 303 442 119 1681 
6292 434 124 304 1682 
6293 804 954 173 1683 
6294 1013 973 171 1670 
6295 275 1561 720 1633 
6296 716 163 882 1708 
6297 327 135 292 1688 
6298 453 285 375 1613 
6299 1184 1070 1242 1627 
6300 539 974 179 1717 
6301 1036 116 1202 1718 
6302 1067 299 1676 1714 
6303 112 1213 307 1699 
6304 515 122 306 1679 
6305 697 544 759 1550 
6306 264 283 276 1536 
6307 204 732 771 1710 
6308 536 684 165 1719 
6309 144 799 936 1686 
6310 1067 96 299 1714 
6311 1036 516 116 1718 
6312 315 506 441 1605 
6313 519 1035 112 1699 
6314 521 296 484 1576 
6315 996 909 908 1648 
6316 523 1068 98 1703 
6317 400 402 510 1689 
6318 1203 1036 1125 1690 
6319 1067 1198 1170 1676 
6320 304 433 497 1651 
6321 812 939 980 1553 
6322 165 1018 536 1719 
6323 536 704 621 1687 
6324 557 743 706 1634 
6325 1058 1201 1241 1634 
6326 1228 220 1229 1666 
6327 1064 1235 1275 1550 
6328 700 147 573 1712 
6329 1015 988 806 1557 
6330 697 565 202 1707 
6331 1068 1190 98 1703 
6332 938 932 826 1568 
6333 708 181 1026 1697 
6334 1232 1273 1105 1647 
6335 112 1035 1213 1699 
6336 954 1010 807 1650 
6337 942 939 147 1712 
6338 116 516 479 1718 
6339 703 535 161 1705 
6340 1204 132 1040 1702 
6341 820 904 161 1705 
6342 1215 130 1039 1701 
6343 311 459 130 1701 
6344 440 511 300 1554 
6345 36 279 779 721 
6346 114 1182 1069 1698 
6347 800 562 145 1730 
6348 864 960 788 1577 
6349 1015 179 974 1717 
6350 716 567 163 1708 
6351 806 181 540 1697 
6352 1053 1254 1208 1655 
6353 540 181 708 1697 
6354 309 430 132 1702 
6355 327 134 1214 1728 
6356 396 397 398 1685 
6357 513 449 445 1584 
6358 36 279 721 274 
6359 576 777 722 1673 
6360 816 917 55 1706 
6361 265 471 28 528 
6362 313 452 55 1706 
6363 281 265 28 528 
6364 472 530 9 246 
6365 788 862 863 1661 
6366 824 975 957 1667 
6367 885 887 883 1726 
6368 815 930 938 1663 
6369 530 258 9 246 
6370 443 417 316 1663 
6371 766 729 559 1627 
6372 802 882 163 1708 
6373 114 302 436 1698 
6374 1194 1265 1049 1628 
6375 435 1041 134 1728 
6376 762 659 657 1662 
6377 1206 1064 202 1707 
6378 583 778 1029 187 
6379 1030 89 529 846 
6380 551 705 756 1655 
6381 809 1018 165 1719 
6382 432 287 353 1661 
6383 1029 857 583 187 
6384 89 340 529 846 
6385 1284 1225 1047 1571 
6386 737 549 774 1628 
6387 1280 1179 90 527 
6388 1027 139 780 679 
6389 585 595 542 1621 
6390 777 20 722 255 
6391 96 485 299 1714 
6392 527 1179 90 326 
6393 139 1027 827 679 
6394 431 489 475 1715 
6395 1197 1067 1168 1714 
6396 20 250 722 255 
6397 278 275 276 1561 
6398 456 494 320 1597 
6399 762 763 659 1662 
6400 523 98 300 1703 
6401 1205 1057 1239 1603 
6402 278 1476 268 1731 
6403 554 749 689 1603 
6404 318 349 460 1711 
6405 519 112 307 1699 
6406 580 539 709 1717 
6407 963 819 871 1711 
6408 1154 1155 1156 1642 
6409 1042 1086 1085 1669 
6410 455 301 504 1604 
6411 817 924 940 1709 
6412 1065 1196 1174 1671 
6413 682 936 145 1730 
6414 537 688 610 1670 
6415 1024 841 989 1586 
6416 1003 822 903 1599 
6417 895 897 956 1722 
6418 1214 1688 327 1728 
6419 467 412 425 1709 
6420 1109 1037 1110 1679 
6421 910 912 1005 1629 
6422 978 1020 786 1613 
6423 388 463 295 1722 
6424 566 674 699 1675 
6425 805 893 946 1725 
6426 606 568 711 1683 
6427 569 719 617 1680 
6428 1221 1071 1211 1682 
6429 279 1278 779 1610 
6430 712 686 636 1725 
6431 684 536 623 1719 
6432 333 451 325 1669 
6433 1183 1055 1120 1681 
6434 1213 1035 1135 1699 
6435 1164 1190 1068 1703 
6436 779 597 721 1610 
6437 1036 1202 1127 1718 
6438 682 669 717 1686 
6439 240 252 259 1616 
6440 806 1026 181 1697 
6441 588 718 595 1704 
6442 540 708 594 1697 
6443 1179 1280 1225 1658 
6444 679 723 780 1653 
6445 908 909 906 1648 
6446 682 1686 936 1730 
6447 1039 1082 1215 1701 
6448 1090 1098 1214 1688 
6449 1074 1256 1187 1674 
6450 1131 1069 1182 1698 
6451 328 327 292 1688 
6452 573 662 700 1712 
6453 1040 1096 1204 1702 
6454 816 915 917 1706 
6455 904 820 889 1705 
6456 393 452 313 1706 
6457 703 632 535 1705 
6458 771 733 546 1674 
6459 783 720 574 1561 
6460 598 599 579 1734 
6461 1279 281 528 1622 
6462 943 939 942 1712 
6463 767 615 613 1659 
6464 1030 968 846 1632 
6465 682 145 562 1730 
6466 1138 1139 1140 1732 
6467 1214 134 1041 1728 
6468 883 882 802 1708 
6469 921 997 824 1677 
6470 567 716 628 1708 
6471 1107 1282 1073 1716 
6472 571 782 597 1716 
6473 327 435 134 1728 
6474 936 800 145 1730 
6475 282 1030 529 1632 
6476 308 480 516 1690 
6477 1114 1116 1233 1664 
6478 17 256 780 251 
6479 390 483 521 1626 
6480 778 33 275 280 
6481 1029 280 778 1633 
6482 945 1011 821 1621 
6483 190 1048 548 191 
6484 232 233 1058 557 
6485 305 128 129 1079 
6486 223 1057 689 224 
6487 229 230 1108 687 
6488 456 127 128 1099 
6489 230 231 1061 560 
6490 231 232 1189 691 
6491 184 808 718 183 
6492 129 130 459 1039 
6493 1201 233 234 706 
6494 77 78 789 288 
6495 184 595 945 185 
6496 313 55 54 917 
6497 814 153 152 563 
6498 793 51 52 293 
6499 93 92 1196 298 
6500 872 69 70 319 
6501 922 47 48 312 
6502 919 152 151 683 
6503 54 53 426 796 
6504 42 43 826 324 
6505 1038 127 126 320 
6506 334 80 79 823 
6507 905 50 51 439 
6508 458 82 81 785 
6509 327 134 135 1214 
6510 130 131 311 1215 
6511 85 84 291 790 
6512 290 83 82 828 
6513 794 155 154 545 
6514 295 57 56 956 
6515 143 142 937 566 
6516 44 45 815 316 
6517 819 75 76 460 
6518 315 104 105 1066 
6519 163 162 802 567 
6520 788 72 73 287 
6521 102 103 294 1044 
6522 160 820 161 535 
6523 67 68 787 286 
6524 465 53 52 918 
6525 1217 126 125 433 
6526 49 50 801 322 
6527 428 59 58 795 
6528 46 47 817 425 
6529 551 208 207 1053 
6530 213 1186 212 552 
6531 198 1043 572 199 
6532 1060 228 229 561 
6533 223 554 1205 222 
6534 1071 125 124 304 
6535 569 167 168 803 
6536 301 109 110 1075 
6537 115 114 1069 302 
6538 79 78 437 950 
6539 880 68 69 454 
6540 856 76 77 424 
6541 81 80 289 961 
6542 568 172 173 804 
6543 285 63 62 786 
6544 811 151 150 715 
6545 70 71 813 468 
6546 963 74 75 318 
6547 103 104 441 1188 
6548 955 154 153 702 
6549 56 55 452 816 
6550 798 142 141 699 
6551 73 74 862 432 
6552 162 161 904 703 
6553 43 44 938 443 
6554 101 102 438 1181 
6555 960 71 72 423 
6556 101 100 1216 321 
6557 942 147 146 700 
6558 309 132 133 1204 
6559 903 156 155 713 
6560 463 58 57 895 
6561 120 119 1183 303 
6562 1158 1161 1260 1638 
6563 1041 1092 1214 1728 
6564 45 46 940 467 
6565 720 583 778 1633 
6566 292 135 136 1098 
6567 262 275 278 1561 
6568 160 159 946 686 
6569 947 48 49 444 
6570 548 776 736 1644 
6571 448 84 83 964 
6572 133 134 435 1041 
6573 800 146 145 562 
6574 159 158 805 712 
6575 1141 1140 1139 1732 
6576 822 157 156 685 
6577 144 143 799 717 
6578 1113 1114 1270 1695 
6579 562 667 682 1730 
6580 1106 1081 1102 1733 
6581 826 934 935 1645 
6582 422 421 324 1645 
6583 939 148 147 573 
6584 188 1078 576 189 
6585 487 526 298 1671 
6586 600 579 599 1734 
6587 314 60 59 957 
6588 1018 879 985 1687 
6589 445 86 85 966 
6590 430 131 132 1040 
6591 235 236 1107 597 
6592 723 17 780 251 
6593 430 309 431 1702 
6594 698 752 553 1636 
6595 720 33 275 778 
6596 258 530 1028 1720 
6597 1100 1102 1081 1733 
6598 935 970 1028 1720 
6599 87 86 449 855 
6600 256 1027 780 1653 
6601 920 150 149 543 
6602 527 257 1280 1658 
6603 429 62 61 921 
6604 30 29 1223 272 
6605 1231 1272 1122 1636 
6606 14 13 248 1225 
6607 396 398 508 1685 
6608 164 716 163 882 
6609 299 488 524 1676 
6610 66 67 951 427 
6611 227 228 1212 710 
6612 1054 690 221 222 
6613 1211 124 123 434 
6614 565 203 202 1206 
6615 173 174 711 954 
6616 212 211 692 1052 
6617 207 206 705 1208 
6618 197 1191 696 198 
6619 100 99 1063 440 
6620 455 108 109 1207 
6621 436 113 114 1182 
6622 1055 119 118 442 
6623 168 169 719 881 
6624 136 137 451 1042 
6625 532 340 310 1566 
6626 281 272 265 1622 
6627 1277 255 777 1673 
6628 1195 1267 1048 1644 
6629 330 435 327 1728 
6630 262 278 274 1731 
6631 400 401 402 1689 
6632 1205 1236 1054 1700 
6633 812 149 148 695 
6634 325 137 138 1085 
6635 462 61 60 824 
6636 41 42 935 422 
6637 958 158 157 564 
6638 936 145 144 682 
6639 249 21 22 970 
6640 611 616 613 1691 
6641 968 37 38 273 
6642 690 750 554 1700 
6643 422 530 472 1720 
6644 765 727 556 1666 
6645 1084 1237 1245 1692 
6646 1210 1183 1115 1721 
6647 936 799 998 1686 
6648 937 798 1002 1675 
6649 847 1034 849 1693 
6650 1187 1257 1045 1710 
6651 178 792 577 177 
6652 1228 1229 1119 1666 
6653 226 227 1056 555 
6654 681 174 175 807 
6655 1109 123 122 306 
6656 202 201 697 1064 
6657 215 216 1070 559 
6658 558 211 210 1192 
6659 205 546 206 1074 
6660 296 107 108 1046 
6661 196 1051 550 197 
6662 1190 99 98 300 
6663 307 112 113 1213 
6664 1203 118 117 308 
6665 808 1012 945 1704 
6666 170 680 169 810 
6667 771 732 647 1710 
6668 804 1001 954 1683 
6669 306 478 515 1679 
6670 982 800 936 1730 
6671 269 40 39 967 
6672 1222 32 31 271 
6673 803 991 881 1680 
6674 303 500 442 1681 
6675 304 498 434 1682 
6676 191 1195 736 192 
6677 1065 94 93 487 
6678 730 209 208 1193 
6679 483 105 106 1220 
6680 213 214 1059 728 
6681 1202 116 115 479 
6682 481 110 111 1185 
6683 694 200 199 1234 
6684 182 541 990 183 
6685 1232 570 224 225 
6686 453 64 63 978 
6687 204 203 732 1045 
6688 1013 868 973 1670 
6689 171 172 688 973 
6690 1210 121 120 477 
6691 278 268 277 1731 
6692 704 166 167 985 
6693 371 372 369 1724 
6694 297 10 11 237 
6695 323 27 26 261 
6696 516 370 479 1718 
6697 25 26 270 469 
6698 771 205 204 1187 
6699 210 209 769 1072 
6700 521 106 107 1180 
6701 519 111 112 1035 
6702 214 215 1184 766 
6703 117 116 1036 516 
6704 544 201 200 1275 
6705 485 525 299 1714 
6706 193 774 1049 192 
6707 1198 95 94 524 
6708 1273 225 226 707 
6709 122 121 1037 515 
6710 141 140 941 575 
6711 1077 92 91 450 
6712 537 170 171 1013 
6713 1272 217 218 553 
6714 538 175 176 1024 
6715 818 65 66 466 
6716 24 23 969 245 
6717 247 16 15 1224 
6718 310 88 87 791 
6719 186 821 542 185 
6720 684 164 165 809 
6721 1200 773 195 196 
6722 1068 98 97 523 
6723 165 166 536 1018 
6724 176 693 989 177 
6725 697 758 565 1707 
6726 317 65 64 1019 
6727 1206 1259 1064 1707 
6728 472 9 10 246 
6729 974 834 1015 1717 
6730 179 974 539 178 
6731 471 28 27 265 
6732 492 459 311 1701 
6733 186 583 857 187 
6734 89 88 340 846 
6735 1179 91 90 326 
6736 827 140 139 679 
6737 809 976 1018 1719 
6738 241 12 11 470 
6739 983 887 885 1726 
6740 436 302 502 1698 
6741 512 418 420 1713 
6742 179 709 1015 180 
6743 848 847 849 1693 
6744 1210 1111 1037 1696 
6745 182 1026 708 181 
6746 194 1050 734 195 
6747 1197 97 96 485 
6748 193 1194 549 194 
6749 1067 96 95 299 
6750 279 274 271 1610 
6751 300 486 523 1703 
6752 519 307 482 1699 
6753 216 217 1231 698 
6754 721 35 36 274 
6755 489 461 475 1715 
6756 806 987 1026 1697 
6757 19 20 250 722 
6758 189 1199 701 190 
6759 181 806 540 180 
6760 1278 1222 1107 1610 
6761 234 235 1073 571 
6762 797 23 22 240 
6763 39 38 264 825 
6764 31 30 1076 263 
6765 15 14 239 1047 
6766 1007 1009 914 1729 
6767 471 325 528 1622 
6768 282 270 273 1632 
6769 1085 1223 1279 1622 
6770 221 556 1229 220 
6771 857 967 1029 1633 
6772 255 777 3 1277 
6773 5 281 528 1279 
6774 6 529 282 1030 
6775 280 778 8 1029 
6776 527 1 1280 257 
6777 279 1278 7 779 
6778 2 1028 258 530 
6779 256 1027 4 780 
6780 726 218 1062 219 
6781 469 529 340 1632 
6782 219 1228 765 220 
6783 255 247 250 1673 
6784 248 257 241 1658 
6785 326 470 527 1658 
6786 1027 969 827 1653 
6787 1078 1224 1277 1673 
6788 723 18 17 251 
6789 34 33 275 720 
6790 280 269 275 1633 
6791 256 251 245 1653 
6792 3 16 255 1277 
6793 527 12 1 257 
6794 4 24 1027 256 
6795 529 25 6 282 
6796 7 32 1278 279 
6797 280 8 40 1029 
6798 138 5 528 1279 
6799 1028 2 41 530 
6800 258 249 246 1720 
6801 547 19 18 238 
6802 262 35 34 574 
6803 277 274 278 1731 
6804 777 3 20 255 
6805 279 7 36 779 
6806 281 28 5 528 
6807 9 2 258 530 
6808 256 4 17 780 
6809 1028 21 2 258 
6810 37 6 282 1030 
6811 778 8 33 280 
6812 281 5 29 1279 
6813 1 13 1280 257 
6814 1029 778 8 187 
6815 1278 236 7 779 
6816 529 6 89 1030 
6817 777 3 1277 188 
6818 1280 90 1 527 
6819 1027 139 4 780 
6820 481 1604 520 301 
6821 520 1604 481 1415 
6822 1604 1185 1139 1075 
6823 1604 1139 1185 1415 
6824 1704 990 1022 1422 
6825 1704 1022 990 808 
6826 1597 1079 1081 1099 
6827 1597 1081 1079 1412 
6828 1586 792 1021 989 
6829 1586 1021 792 1411 
6830 305 1597 493 456 
6831 493 1597 305 1412 
6832 1586 577 579 1411 
6833 1586 579 577 693 
6834 1457 560 745 687 
6835 1457 745 560 1378 
6836 1061 1457 1251 1108 
6837 1251 1457 1061 1378 
6838 1704 541 590 718 
6839 1704 590 541 1422 
6840 1565 1691 1297 1328 
6841 1297 1691 1565 1428 
6842 1060 710 228 561 
6843 228 710 1060 1212 
6844 1052 552 212 1186 
6845 212 552 1052 692 
6846 1191 572 198 1043 
6847 1191 198 572 696 
6848 1461 1043 1260 1379 
6849 1461 1260 1043 1191 
6850 1186 1458 1248 1052 
6851 1248 1458 1186 1381 
6852 1567 1618 1475 1302 
6853 1475 1618 1567 1319 
6854 1593 1414 1427 1306 
6855 1593 1427 1414 1298 
6856 1627 1126 1508 1242 
6857 1627 1508 1126 1304 
6858 1461 572 762 696 
6859 1461 762 572 1379 
6860 1458 552 754 692 
6861 1458 754 552 1381 
6862 1634 1091 1510 1241 
6863 1634 1510 1091 1306 
6864 1628 668 1496 737 
6865 1628 1496 668 1307 
6866 1628 1169 1497 1307 
6867 1628 1497 1169 1265 
6868 1426 371 1724 1369 
6869 1426 1724 371 368 
6870 1723 1362 1439 1295 
6871 1723 1439 1362 1419 
6872 1555 464 339 337 
6873 1555 339 464 1505 
6874 1456 1723 1639 1295 
6875 1639 1723 1456 1305 
6876 1426 1727 1578 1321 
6877 1578 1727 1426 1448 
6878 1227 1452 1281 1177 
6879 1281 1452 1227 1339 
6880 1451 725 781 677 
6881 1451 781 725 1339 
6882 1426 983 1726 981 
6883 1426 1726 983 1369 
6884 1621 857 1031 821 
6885 1621 1031 857 1368 
6886 1302 1620 1376 1618 
6887 1376 1620 1302 1729 
6888 1584 1581 1424 446 
6889 1584 1424 1581 1305 
6890 1485 677 678 784 
6891 1485 678 677 1451 
6892 1571 1177 1178 1452 
6893 1571 1178 1177 1284 
6894 1532 1698 1537 1131 
6895 1532 1537 1698 1355 
6896 1594 1537 1698 1131 
6897 1594 1698 1537 1355 
6898 569 1687 619 704 
6899 619 1687 569 1398 
6900 1661 355 1694 1577 
6901 1661 1694 355 353 
6902 1529 1705 1540 632 
6903 1529 1540 1705 1352 
6904 1588 1540 1705 632 
6905 1588 1705 1540 1352 
6906 1626 1145 1314 1147 
6907 1626 1314 1145 1576 
6908 1690 1055 1123 1203 
6909 1690 1123 1055 1397 
6910 1528 1702 1539 1096 
6911 1528 1539 1702 1362 
6912 1595 1539 1702 1096 
6913 1595 1702 1539 1362 
6914 1528 1701 1505 492 
6915 1528 1505 1701 1353 
6916 1555 1505 1701 492 
6917 1555 1701 1505 1353 
6918 1677 285 377 429 
6919 1677 377 285 1390 
6920 1677 786 1008 1390 
6921 1677 1008 786 921 
6922 1690 442 501 1397 
6923 1690 501 442 308 
6924 1632 283 1536 1327 
6925 1632 1536 283 273 
6926 1578 1635 1426 1321 
6927 1426 1635 1578 366 
6928 1300 1624 1380 1619 
6929 1300 1380 1624 1692 
6930 1697 1609 1534 1366 
6931 1697 1534 1609 594 
6932 1669 1098 1087 1408 
6933 1669 1087 1098 1042 
6934 1547 266 1476 284 
6935 1547 1476 266 1331 
6936 1585 1635 1426 952 
6937 1426 1635 1585 1321 
6938 1640 655 1512 761 
6939 1640 1512 655 1611 
6940 1669 292 329 451 
6941 1669 329 292 1408 
6942 1543 389 391 1464 
6943 1543 391 389 392 
6944 1566 495 1531 1396 
6945 1566 1531 495 532 
6946 546 1655 757 705 
6947 757 1655 546 1394 
6948 1506 1652 1435 1309 
6949 1435 1652 1506 1346 
6950 1655 1074 1255 1208 
6951 1655 1255 1074 1394 
6952 428 1667 384 314 
6953 384 1667 428 1387 
6954 1667 795 901 957 
6955 1667 901 795 1387 
6956 1542 1017 944 993 
6957 1542 944 1017 1467 
6958 1694 1661 1522 353 
6959 1694 1522 1661 1325 
6960 1703 1614 1533 1365 
6961 1703 1533 1614 1164 
6962 1549 620 753 618 
6963 1549 753 620 1509 
6964 1544 1148 1258 1150 
6965 1544 1258 1148 1480 
6966 1657 289 335 334 
6967 1657 335 289 1385 
6968 1657 961 835 1385 
6969 1657 835 961 823 
6970 1650 538 602 1393 
6971 1650 602 538 681 
6972 1651 1038 1101 1217 
6973 1651 1101 1038 1389 
6974 1685 399 1513 397 
6975 1685 1513 399 1432 
6976 1591 1384 1337 1463 
6977 1591 1337 1384 1462 
6978 1654 424 345 1384 
6979 1654 345 424 288 
6980 1654 856 842 789 
6981 1654 842 856 1384 
6982 1470 840 842 843 
6983 1470 842 840 1462 
6984 1712 1607 1535 662 
6985 1712 1535 1607 1351 
6986 603 1478 602 601 
6987 602 1478 603 1471 
6988 1465 344 345 1463 
6989 1465 345 344 346 
6990 1538 408 409 1469 
6991 1538 409 408 406 
6992 1479 1104 1101 1103 
6993 1479 1101 1104 1472 
6994 1491 1672 1465 1310 
6995 1465 1672 1491 1340 
6996 1717 1612 1534 580 
6997 1717 1534 1612 1367 
6998 1551 378 381 1494 
6999 1551 381 378 376 
7000 1679 1694 1522 478 
7001 1522 1694 1679 1335 
7002 1699 1623 1537 1364 
7003 1699 1537 1623 1135 
7004 1479 1668 1733 1308 
7005 1733 1668 1479 1347 
7006 1556 836 1025 833 
7007 1556 1025 836 1459 
7008 1697 714 1534 594 
7009 1697 1534 714 1557 
7010 341 1555 491 338 
7011 491 1555 341 1460 
7012 1707 1608 1523 758 
7013 1707 1523 1608 1354 
7014 1478 1668 1734 1347 
7015 1734 1668 1478 1315 
7016 1704 1643 590 1345 
7017 1704 590 1643 588 
7018 1495 1672 1472 1340 
7019 1472 1672 1495 1312 
7020 1482 1684 1732 1313 
7021 1732 1684 1482 1344 
7022 1497 1660 1445 1343 
7023 1445 1660 1497 1307 
7024 1665 454 362 1405 
7025 1665 362 454 319 
7026 1665 880 874 872 
7027 1665 874 880 1405 
7028 274 574 35 262 
7029 35 574 274 721 
7030 238 722 1485 547 
7031 1485 722 238 250 
7032 1625 1537 1489 1301 
7033 1625 1489 1537 1364 
7034 1617 1535 1499 1351 
7035 1617 1499 1535 1303 
7036 1619 1534 1500 1367 
7037 1619 1500 1534 1300 
7038 1720 259 1616 249 
7039 1720 1616 259 1373 
7040 1618 1523 1507 1354 
7041 1618 1507 1523 1302 
7042 419 1663 1326 417 
7043 1326 1663 419 1568 
7044 1697 988 1500 1557 
7045 1697 1500 988 987 
7046 1720 421 422 1645 
7047 1720 422 421 472 
7048 1646 875 873 1498 
7049 1646 873 875 965 
7050 1637 1731 1476 1561 
7051 1476 1731 1637 1322 
7052 1207 296 1391 455 
7053 1207 1391 296 1046 
7054 705 1074 206 546 
7055 206 1074 705 1208 
7056 696 1051 197 550 
7057 197 1051 696 1191 
7058 555 1212 227 1056 
7059 555 227 1212 710 
7060 1109 434 123 306 
7061 123 434 1109 1211 
7062 1192 692 211 1052 
7063 1192 211 692 558 
7064 1203 442 118 308 
7065 118 442 1203 1055 
7066 1708 630 1540 628 
7067 1708 1540 630 1529 
7068 1693 791 1396 848 
7069 1693 1396 791 1566 
7070 1702 514 1362 431 
7071 1702 1362 514 1528 
7072 1505 1362 514 431 
7073 1505 514 1362 1528 
7074 1698 503 1355 502 
7075 1698 1355 503 1532 
7076 1489 1355 503 502 
7077 1489 503 1355 1532 
7078 1699 503 1364 1532 
7079 1699 1364 503 482 
7080 1489 1364 503 1532 
7081 1489 503 1364 482 
7082 1729 912 1629 1009 
7083 1729 1629 912 1545 
7084 1111 1721 1210 1115 
7085 1210 1721 1111 1696 
7086 1720 21 970 1028 
7087 1720 970 21 249 
$EndElements
